Estimate Status,Year,Wave,State,Common Name,Harvest (A+B1) Total Weight (kg),PSE,Landings (no.) without Size Information
FINAL,1990,JANUARY/FEBRUARY,FLORIDA,SOUTHERN FLOUNDER,2926,92.7,0
FINAL,1990,JANUARY/FEBRUARY,LOUISIANA,SOUTHERN FLOUNDER,30440,56.8,0
FINAL,1990,MARCH/APRIL,ALABAMA,SOUTHERN FLOUNDER,4986,89.1,0
FINAL,1990,MARCH/APRIL,FLORIDA,SOUTHERN FLOUNDER,0,.,0
FINAL,1990,MARCH/APRIL,LOUISIANA,SOUTHERN FLOUNDER,9431,44,0
FINAL,1990,MARCH/APRIL,MISSISSIPPI,SOUTHERN FLOUNDER,12070,43.5,0
FINAL,1990,MAY/JUNE,ALABAMA,SOUTHERN FLOUNDER,36964,57.9,0
FINAL,1990,MAY/JUNE,FLORIDA,SOUTHERN FLOUNDER,58059,59,0
FINAL,1990,MAY/JUNE,LOUISIANA,SOUTHERN FLOUNDER,81293,44.6,0
FINAL,1990,MAY/JUNE,MISSISSIPPI,SOUTHERN FLOUNDER,42672,66.8,0
FINAL,1990,JULY/AUGUST,ALABAMA,SOUTHERN FLOUNDER,69682,48.5,0
FINAL,1990,JULY/AUGUST,FLORIDA,SOUTHERN FLOUNDER,3328,94.4,0
FINAL,1990,JULY/AUGUST,LOUISIANA,SOUTHERN FLOUNDER,282921,46.6,0
FINAL,1990,JULY/AUGUST,MISSISSIPPI,SOUTHERN FLOUNDER,18456,37.8,0
FINAL,1990,SEPTEMBER/OCTOBER,ALABAMA,SOUTHERN FLOUNDER,12325,63.2,0
FINAL,1990,SEPTEMBER/OCTOBER,FLORIDA,SOUTHERN FLOUNDER,3205,97.5,0
FINAL,1990,SEPTEMBER/OCTOBER,LOUISIANA,SOUTHERN FLOUNDER,95569,35.6,0
FINAL,1990,SEPTEMBER/OCTOBER,MISSISSIPPI,SOUTHERN FLOUNDER,23779,76.1,0
FINAL,1990,NOVEMBER/DECEMBER,ALABAMA,SOUTHERN FLOUNDER,17041,71,0
FINAL,1990,NOVEMBER/DECEMBER,FLORIDA,SOUTHERN FLOUNDER,1888,96,0
FINAL,1990,NOVEMBER/DECEMBER,LOUISIANA,SOUTHERN FLOUNDER,185149,26.7,0
FINAL,1990,NOVEMBER/DECEMBER,MISSISSIPPI,SOUTHERN FLOUNDER,47270,48.6,0
FINAL,1991,JANUARY/FEBRUARY,ALABAMA,SOUTHERN FLOUNDER,618,86.6,0
FINAL,1991,JANUARY/FEBRUARY,FLORIDA,SOUTHERN FLOUNDER,7942,79.2,0
FINAL,1991,JANUARY/FEBRUARY,LOUISIANA,SOUTHERN FLOUNDER,123820,21.7,0
FINAL,1991,JANUARY/FEBRUARY,MISSISSIPPI,SOUTHERN FLOUNDER,4759,29,0
FINAL,1991,MARCH/APRIL,ALABAMA,SOUTHERN FLOUNDER,15410,100,0
FINAL,1991,MARCH/APRIL,LOUISIANA,SOUTHERN FLOUNDER,196728,32.1,0
FINAL,1991,MARCH/APRIL,MISSISSIPPI,SOUTHERN FLOUNDER,19683,44.8,0
FINAL,1991,MAY/JUNE,ALABAMA,SOUTHERN FLOUNDER,35328,35.6,0
FINAL,1991,MAY/JUNE,FLORIDA,SOUTHERN FLOUNDER,6175,82.2,0
FINAL,1991,MAY/JUNE,LOUISIANA,SOUTHERN FLOUNDER,99497,36.4,0
FINAL,1991,MAY/JUNE,MISSISSIPPI,SOUTHERN FLOUNDER,175157,36.5,0
FINAL,1991,JULY/AUGUST,ALABAMA,SOUTHERN FLOUNDER,11459,43.3,0
FINAL,1991,JULY/AUGUST,FLORIDA,SOUTHERN FLOUNDER,7881,97.8,0
FINAL,1991,JULY/AUGUST,LOUISIANA,SOUTHERN FLOUNDER,103880,39.5,0
FINAL,1991,JULY/AUGUST,MISSISSIPPI,SOUTHERN FLOUNDER,73658,30.5,0
FINAL,1991,SEPTEMBER/OCTOBER,ALABAMA,SOUTHERN FLOUNDER,5210,48.4,0
FINAL,1991,SEPTEMBER/OCTOBER,FLORIDA,SOUTHERN FLOUNDER,9617,86.5,0
FINAL,1991,SEPTEMBER/OCTOBER,LOUISIANA,SOUTHERN FLOUNDER,160740,31.6,0
FINAL,1991,SEPTEMBER/OCTOBER,MISSISSIPPI,SOUTHERN FLOUNDER,9021,55.5,0
FINAL,1991,NOVEMBER/DECEMBER,ALABAMA,SOUTHERN FLOUNDER,2431,56.3,0
FINAL,1991,NOVEMBER/DECEMBER,FLORIDA,SOUTHERN FLOUNDER,228129,63,0
FINAL,1991,NOVEMBER/DECEMBER,LOUISIANA,SOUTHERN FLOUNDER,103586,38.6,0
FINAL,1991,NOVEMBER/DECEMBER,MISSISSIPPI,SOUTHERN FLOUNDER,8515,31.7,0
FINAL,1992,JANUARY/FEBRUARY,ALABAMA,SOUTHERN FLOUNDER,0,.,18369
FINAL,1992,JANUARY/FEBRUARY,FLORIDA,SOUTHERN FLOUNDER,0,.,0
FINAL,1992,JANUARY/FEBRUARY,LOUISIANA,SOUTHERN FLOUNDER,0,.,127143
FINAL,1992,JANUARY/FEBRUARY,MISSISSIPPI,SOUTHERN FLOUNDER,0,.,2357
FINAL,1992,MARCH/APRIL,ALABAMA,SOUTHERN FLOUNDER,1573,79.4,0
FINAL,1992,MARCH/APRIL,FLORIDA,SOUTHERN FLOUNDER,4565,48.7,0
FINAL,1992,MARCH/APRIL,LOUISIANA,SOUTHERN FLOUNDER,44598,25.8,0
FINAL,1992,MARCH/APRIL,MISSISSIPPI,SOUTHERN FLOUNDER,23445,31.2,0
FINAL,1992,MAY/JUNE,ALABAMA,SOUTHERN FLOUNDER,40837,63.7,0
FINAL,1992,MAY/JUNE,FLORIDA,SOUTHERN FLOUNDER,7158,44.4,0
FINAL,1992,MAY/JUNE,LOUISIANA,SOUTHERN FLOUNDER,88435,18.3,0
FINAL,1992,MAY/JUNE,MISSISSIPPI,SOUTHERN FLOUNDER,58914,49.1,0
FINAL,1992,JULY/AUGUST,ALABAMA,SOUTHERN FLOUNDER,12450,49.3,0
FINAL,1992,JULY/AUGUST,LOUISIANA,SOUTHERN FLOUNDER,160046,39.9,0
FINAL,1992,JULY/AUGUST,MISSISSIPPI,SOUTHERN FLOUNDER,23916,39.9,0
FINAL,1992,SEPTEMBER/OCTOBER,ALABAMA,SOUTHERN FLOUNDER,21127,40.2,0
FINAL,1992,SEPTEMBER/OCTOBER,FLORIDA,SOUTHERN FLOUNDER,6228,50.9,0
FINAL,1992,SEPTEMBER/OCTOBER,LOUISIANA,SOUTHERN FLOUNDER,111984,19.7,0
FINAL,1992,SEPTEMBER/OCTOBER,MISSISSIPPI,SOUTHERN FLOUNDER,29012,32.9,0
FINAL,1992,NOVEMBER/DECEMBER,ALABAMA,SOUTHERN FLOUNDER,5220,57.3,0
FINAL,1992,NOVEMBER/DECEMBER,FLORIDA,SOUTHERN FLOUNDER,5138,80.9,0
FINAL,1992,NOVEMBER/DECEMBER,LOUISIANA,SOUTHERN FLOUNDER,82141,34.4,0
FINAL,1992,NOVEMBER/DECEMBER,MISSISSIPPI,SOUTHERN FLOUNDER,14965,35.4,0
FINAL,1993,JANUARY/FEBRUARY,ALABAMA,SOUTHERN FLOUNDER,4134,90.9,0
FINAL,1993,JANUARY/FEBRUARY,LOUISIANA,SOUTHERN FLOUNDER,32148,70.7,0
FINAL,1993,JANUARY/FEBRUARY,MISSISSIPPI,SOUTHERN FLOUNDER,12343,95.4,0
FINAL,1993,MARCH/APRIL,ALABAMA,SOUTHERN FLOUNDER,3406,56.8,0
FINAL,1993,MARCH/APRIL,FLORIDA,SOUTHERN FLOUNDER,7910,71.7,0
FINAL,1993,MARCH/APRIL,LOUISIANA,SOUTHERN FLOUNDER,32313,26.1,0
FINAL,1993,MARCH/APRIL,MISSISSIPPI,SOUTHERN FLOUNDER,16517,49.1,0
FINAL,1993,MAY/JUNE,ALABAMA,SOUTHERN FLOUNDER,97134,61.6,0
FINAL,1993,MAY/JUNE,FLORIDA,SOUTHERN FLOUNDER,1042,81.8,0
FINAL,1993,MAY/JUNE,LOUISIANA,SOUTHERN FLOUNDER,84286,21,0
FINAL,1993,MAY/JUNE,MISSISSIPPI,SOUTHERN FLOUNDER,29886,33,0
FINAL,1993,JULY/AUGUST,ALABAMA,SOUTHERN FLOUNDER,67012,57,0
FINAL,1993,JULY/AUGUST,FLORIDA,SOUTHERN FLOUNDER,1885,71.1,0
FINAL,1993,JULY/AUGUST,LOUISIANA,SOUTHERN FLOUNDER,58522,29.6,0
FINAL,1993,JULY/AUGUST,MISSISSIPPI,SOUTHERN FLOUNDER,31125,62.9,0
FINAL,1993,SEPTEMBER/OCTOBER,ALABAMA,SOUTHERN FLOUNDER,14539,54.1,0
FINAL,1993,SEPTEMBER/OCTOBER,FLORIDA,SOUTHERN FLOUNDER,3571,54.7,0
FINAL,1993,SEPTEMBER/OCTOBER,LOUISIANA,SOUTHERN FLOUNDER,126987,31.4,0
FINAL,1993,SEPTEMBER/OCTOBER,MISSISSIPPI,SOUTHERN FLOUNDER,5357,61.1,0
FINAL,1993,NOVEMBER/DECEMBER,ALABAMA,SOUTHERN FLOUNDER,3054,49.2,0
FINAL,1993,NOVEMBER/DECEMBER,FLORIDA,SOUTHERN FLOUNDER,138847,87.4,0
FINAL,1993,NOVEMBER/DECEMBER,LOUISIANA,SOUTHERN FLOUNDER,75613,36.8,0
FINAL,1993,NOVEMBER/DECEMBER,MISSISSIPPI,SOUTHERN FLOUNDER,12344,51.5,0
FINAL,1994,JANUARY/FEBRUARY,LOUISIANA,SOUTHERN FLOUNDER,38403,47.8,0
FINAL,1994,JANUARY/FEBRUARY,MISSISSIPPI,SOUTHERN FLOUNDER,1471,50.5,0
FINAL,1994,MARCH/APRIL,FLORIDA,SOUTHERN FLOUNDER,4093,71.7,0
FINAL,1994,MARCH/APRIL,LOUISIANA,SOUTHERN FLOUNDER,109143,49.8,0
FINAL,1994,MARCH/APRIL,MISSISSIPPI,SOUTHERN FLOUNDER,6522,43,0
FINAL,1994,MAY/JUNE,ALABAMA,SOUTHERN FLOUNDER,43653,70.5,0
FINAL,1994,MAY/JUNE,FLORIDA,SOUTHERN FLOUNDER,274,98.9,0
FINAL,1994,MAY/JUNE,LOUISIANA,SOUTHERN FLOUNDER,108035,25.4,0
FINAL,1994,MAY/JUNE,MISSISSIPPI,SOUTHERN FLOUNDER,69332,46.4,0
FINAL,1994,JULY/AUGUST,ALABAMA,SOUTHERN FLOUNDER,28886,46,0
FINAL,1994,JULY/AUGUST,FLORIDA,SOUTHERN FLOUNDER,4370,62.3,0
FINAL,1994,JULY/AUGUST,LOUISIANA,SOUTHERN FLOUNDER,118881,24,0
FINAL,1994,JULY/AUGUST,MISSISSIPPI,SOUTHERN FLOUNDER,14732,54.6,0
FINAL,1994,SEPTEMBER/OCTOBER,ALABAMA,SOUTHERN FLOUNDER,13608,50.2,0
FINAL,1994,SEPTEMBER/OCTOBER,FLORIDA,SOUTHERN FLOUNDER,540,101.5,0
FINAL,1994,SEPTEMBER/OCTOBER,LOUISIANA,SOUTHERN FLOUNDER,69405,17.9,0
FINAL,1994,SEPTEMBER/OCTOBER,MISSISSIPPI,SOUTHERN FLOUNDER,28818,31.6,0
FINAL,1994,NOVEMBER/DECEMBER,ALABAMA,SOUTHERN FLOUNDER,8763,88.6,0
FINAL,1994,NOVEMBER/DECEMBER,FLORIDA,SOUTHERN FLOUNDER,5814,61.2,0
FINAL,1994,NOVEMBER/DECEMBER,LOUISIANA,SOUTHERN FLOUNDER,45574,24.7,0
FINAL,1994,NOVEMBER/DECEMBER,MISSISSIPPI,SOUTHERN FLOUNDER,11047,31.1,0
FINAL,1995,JANUARY/FEBRUARY,ALABAMA,SOUTHERN FLOUNDER,5504,92.2,0
FINAL,1995,JANUARY/FEBRUARY,FLORIDA,SOUTHERN FLOUNDER,0,.,0
FINAL,1995,JANUARY/FEBRUARY,LOUISIANA,SOUTHERN FLOUNDER,20119,24.5,0
FINAL,1995,JANUARY/FEBRUARY,MISSISSIPPI,SOUTHERN FLOUNDER,8066,44.4,0
FINAL,1995,MARCH/APRIL,ALABAMA,SOUTHERN FLOUNDER,16172,48,0
FINAL,1995,MARCH/APRIL,FLORIDA,SOUTHERN FLOUNDER,526,100.9,0
FINAL,1995,MARCH/APRIL,LOUISIANA,SOUTHERN FLOUNDER,27571,40.4,0
FINAL,1995,MARCH/APRIL,MISSISSIPPI,SOUTHERN FLOUNDER,6969,62.4,0
FINAL,1995,MAY/JUNE,ALABAMA,SOUTHERN FLOUNDER,61607,38.2,0
FINAL,1995,MAY/JUNE,FLORIDA,SOUTHERN FLOUNDER,16822,54.5,0
FINAL,1995,MAY/JUNE,LOUISIANA,SOUTHERN FLOUNDER,71785,31.5,0
FINAL,1995,MAY/JUNE,MISSISSIPPI,SOUTHERN FLOUNDER,142888,23.2,0
FINAL,1995,JULY/AUGUST,ALABAMA,SOUTHERN FLOUNDER,19862,83,0
FINAL,1995,JULY/AUGUST,FLORIDA,SOUTHERN FLOUNDER,3129,53.4,0
FINAL,1995,JULY/AUGUST,LOUISIANA,SOUTHERN FLOUNDER,20247,25.1,0
FINAL,1995,JULY/AUGUST,MISSISSIPPI,SOUTHERN FLOUNDER,37517,40.4,0
FINAL,1995,SEPTEMBER/OCTOBER,ALABAMA,SOUTHERN FLOUNDER,25389,56.2,0
FINAL,1995,SEPTEMBER/OCTOBER,FLORIDA,SOUTHERN FLOUNDER,178,100.7,0
FINAL,1995,SEPTEMBER/OCTOBER,LOUISIANA,SOUTHERN FLOUNDER,69833,18.8,0
FINAL,1995,SEPTEMBER/OCTOBER,MISSISSIPPI,SOUTHERN FLOUNDER,33924,25.8,0
FINAL,1995,NOVEMBER/DECEMBER,ALABAMA,SOUTHERN FLOUNDER,22201,62.8,0
FINAL,1995,NOVEMBER/DECEMBER,FLORIDA,SOUTHERN FLOUNDER,4943,79.8,0
FINAL,1995,NOVEMBER/DECEMBER,LOUISIANA,SOUTHERN FLOUNDER,44629,32.7,0
FINAL,1995,NOVEMBER/DECEMBER,MISSISSIPPI,SOUTHERN FLOUNDER,1819,73.4,0
FINAL,1996,JANUARY/FEBRUARY,ALABAMA,SOUTHERN FLOUNDER,7253,71.2,0
FINAL,1996,JANUARY/FEBRUARY,LOUISIANA,SOUTHERN FLOUNDER,7873,53.5,0
FINAL,1996,JANUARY/FEBRUARY,MISSISSIPPI,SOUTHERN FLOUNDER,1165,87.4,0
FINAL,1996,MARCH/APRIL,LOUISIANA,SOUTHERN FLOUNDER,26741,31.1,0
FINAL,1996,MARCH/APRIL,MISSISSIPPI,SOUTHERN FLOUNDER,13999,41.9,0
FINAL,1996,MAY/JUNE,ALABAMA,SOUTHERN FLOUNDER,16854,86,0
FINAL,1996,MAY/JUNE,FLORIDA,SOUTHERN FLOUNDER,30327,82.7,0
FINAL,1996,MAY/JUNE,LOUISIANA,SOUTHERN FLOUNDER,74618,22.8,0
FINAL,1996,MAY/JUNE,MISSISSIPPI,SOUTHERN FLOUNDER,205127,48.3,0
FINAL,1996,JULY/AUGUST,ALABAMA,SOUTHERN FLOUNDER,5376,54.9,0
FINAL,1996,JULY/AUGUST,FLORIDA,SOUTHERN FLOUNDER,10117,73.8,0
FINAL,1996,JULY/AUGUST,LOUISIANA,SOUTHERN FLOUNDER,92784,19.2,0
FINAL,1996,JULY/AUGUST,MISSISSIPPI,SOUTHERN FLOUNDER,77728,29.1,0
FINAL,1996,SEPTEMBER/OCTOBER,ALABAMA,SOUTHERN FLOUNDER,4431,58.6,0
FINAL,1996,SEPTEMBER/OCTOBER,FLORIDA,SOUTHERN FLOUNDER,15663,38.8,0
FINAL,1996,SEPTEMBER/OCTOBER,LOUISIANA,SOUTHERN FLOUNDER,131503,25.7,0
FINAL,1996,SEPTEMBER/OCTOBER,MISSISSIPPI,SOUTHERN FLOUNDER,53119,39.4,0
FINAL,1996,NOVEMBER/DECEMBER,ALABAMA,SOUTHERN FLOUNDER,580,100.1,0
FINAL,1996,NOVEMBER/DECEMBER,FLORIDA,SOUTHERN FLOUNDER,2271,83.1,0
FINAL,1996,NOVEMBER/DECEMBER,LOUISIANA,SOUTHERN FLOUNDER,27966,38.1,0
FINAL,1996,NOVEMBER/DECEMBER,MISSISSIPPI,SOUTHERN FLOUNDER,66488,85.7,0
FINAL,1997,JANUARY/FEBRUARY,ALABAMA,SOUTHERN FLOUNDER,7927,100.2,0
FINAL,1997,JANUARY/FEBRUARY,FLORIDA,SOUTHERN FLOUNDER,1044,99.1,0
FINAL,1997,JANUARY/FEBRUARY,LOUISIANA,SOUTHERN FLOUNDER,4629,60,0
FINAL,1997,JANUARY/FEBRUARY,MISSISSIPPI,SOUTHERN FLOUNDER,4154,38.1,0
FINAL,1997,MARCH/APRIL,ALABAMA,SOUTHERN FLOUNDER,12847,54.2,0
FINAL,1997,MARCH/APRIL,FLORIDA,SOUTHERN FLOUNDER,3931,82.7,0
FINAL,1997,MARCH/APRIL,LOUISIANA,SOUTHERN FLOUNDER,38507,33.3,0
FINAL,1997,MARCH/APRIL,MISSISSIPPI,SOUTHERN FLOUNDER,34006,43.3,0
FINAL,1997,MAY/JUNE,ALABAMA,SOUTHERN FLOUNDER,21316,60,0
FINAL,1997,MAY/JUNE,FLORIDA,SOUTHERN FLOUNDER,3048,45.3,0
FINAL,1997,MAY/JUNE,LOUISIANA,SOUTHERN FLOUNDER,63699,27.4,0
FINAL,1997,MAY/JUNE,MISSISSIPPI,SOUTHERN FLOUNDER,46135,47.3,0
FINAL,1997,JULY/AUGUST,ALABAMA,SOUTHERN FLOUNDER,16510,52.7,0
FINAL,1997,JULY/AUGUST,FLORIDA,SOUTHERN FLOUNDER,12502,82.6,0
FINAL,1997,JULY/AUGUST,LOUISIANA,SOUTHERN FLOUNDER,94051,18.3,0
FINAL,1997,JULY/AUGUST,MISSISSIPPI,SOUTHERN FLOUNDER,72321,45.1,0
FINAL,1997,SEPTEMBER/OCTOBER,ALABAMA,SOUTHERN FLOUNDER,17550,68.1,0
FINAL,1997,SEPTEMBER/OCTOBER,FLORIDA,SOUTHERN FLOUNDER,34779,49.1,0
FINAL,1997,SEPTEMBER/OCTOBER,LOUISIANA,SOUTHERN FLOUNDER,56951,19.9,0
FINAL,1997,SEPTEMBER/OCTOBER,MISSISSIPPI,SOUTHERN FLOUNDER,33136,33.4,0
FINAL,1997,NOVEMBER/DECEMBER,ALABAMA,SOUTHERN FLOUNDER,26344,48.7,0
FINAL,1997,NOVEMBER/DECEMBER,FLORIDA,SOUTHERN FLOUNDER,4467,87.5,0
FINAL,1997,NOVEMBER/DECEMBER,LOUISIANA,SOUTHERN FLOUNDER,153457,25.4,0
FINAL,1997,NOVEMBER/DECEMBER,MISSISSIPPI,SOUTHERN FLOUNDER,52087,46.8,0
FINAL,1998,JANUARY/FEBRUARY,FLORIDA,SOUTHERN FLOUNDER,0,.,0
FINAL,1998,JANUARY/FEBRUARY,LOUISIANA,SOUTHERN FLOUNDER,10605,46.2,0
FINAL,1998,JANUARY/FEBRUARY,MISSISSIPPI,SOUTHERN FLOUNDER,2908,63.9,0
FINAL,1998,MARCH/APRIL,ALABAMA,SOUTHERN FLOUNDER,28017,46.3,0
FINAL,1998,MARCH/APRIL,LOUISIANA,SOUTHERN FLOUNDER,35683,42.6,0
FINAL,1998,MARCH/APRIL,MISSISSIPPI,SOUTHERN FLOUNDER,48955,36.2,0
FINAL,1998,MAY/JUNE,ALABAMA,SOUTHERN FLOUNDER,32490,50.2,0
FINAL,1998,MAY/JUNE,FLORIDA,SOUTHERN FLOUNDER,11455,74.1,0
FINAL,1998,MAY/JUNE,LOUISIANA,SOUTHERN FLOUNDER,95934,24.5,0
FINAL,1998,MAY/JUNE,MISSISSIPPI,SOUTHERN FLOUNDER,65041,42.2,0
FINAL,1998,JULY/AUGUST,ALABAMA,SOUTHERN FLOUNDER,8881,48.1,0
FINAL,1998,JULY/AUGUST,FLORIDA,SOUTHERN FLOUNDER,4966,62.1,0
FINAL,1998,JULY/AUGUST,LOUISIANA,SOUTHERN FLOUNDER,46291,22.6,0
FINAL,1998,JULY/AUGUST,MISSISSIPPI,SOUTHERN FLOUNDER,53401,65.3,0
FINAL,1998,SEPTEMBER/OCTOBER,ALABAMA,SOUTHERN FLOUNDER,38636,84.1,0
FINAL,1998,SEPTEMBER/OCTOBER,FLORIDA,SOUTHERN FLOUNDER,9925,61.8,0
FINAL,1998,SEPTEMBER/OCTOBER,LOUISIANA,SOUTHERN FLOUNDER,34877,31.8,0
FINAL,1998,SEPTEMBER/OCTOBER,MISSISSIPPI,SOUTHERN FLOUNDER,61896,29.8,0
FINAL,1998,NOVEMBER/DECEMBER,ALABAMA,SOUTHERN FLOUNDER,6032,46.7,0
FINAL,1998,NOVEMBER/DECEMBER,FLORIDA,SOUTHERN FLOUNDER,4892,56.7,0
FINAL,1998,NOVEMBER/DECEMBER,LOUISIANA,SOUTHERN FLOUNDER,57469,25.6,0
FINAL,1998,NOVEMBER/DECEMBER,MISSISSIPPI,SOUTHERN FLOUNDER,40433,27,0
FINAL,1999,JANUARY/FEBRUARY,ALABAMA,SOUTHERN FLOUNDER,11096,57.6,0
FINAL,1999,JANUARY/FEBRUARY,FLORIDA,SOUTHERN FLOUNDER,2479,60.4,0
FINAL,1999,JANUARY/FEBRUARY,LOUISIANA,SOUTHERN FLOUNDER,69602,44.8,0
FINAL,1999,JANUARY/FEBRUARY,MISSISSIPPI,SOUTHERN FLOUNDER,11149,34.4,0
FINAL,1999,MARCH/APRIL,ALABAMA,SOUTHERN FLOUNDER,19009,49.6,0
FINAL,1999,MARCH/APRIL,FLORIDA,SOUTHERN FLOUNDER,17435,65.5,0
FINAL,1999,MARCH/APRIL,LOUISIANA,SOUTHERN FLOUNDER,107769,20.8,0
FINAL,1999,MARCH/APRIL,MISSISSIPPI,SOUTHERN FLOUNDER,49671,30.3,0
FINAL,1999,MAY/JUNE,ALABAMA,SOUTHERN FLOUNDER,30326,60.3,0
FINAL,1999,MAY/JUNE,FLORIDA,SOUTHERN FLOUNDER,1123,95.1,0
FINAL,1999,MAY/JUNE,LOUISIANA,SOUTHERN FLOUNDER,130903,34.6,0
FINAL,1999,MAY/JUNE,MISSISSIPPI,SOUTHERN FLOUNDER,98945,35,0
FINAL,1999,JULY/AUGUST,ALABAMA,SOUTHERN FLOUNDER,83476,36.5,0
FINAL,1999,JULY/AUGUST,FLORIDA,SOUTHERN FLOUNDER,2251,85.6,0
FINAL,1999,JULY/AUGUST,LOUISIANA,SOUTHERN FLOUNDER,148209,24.8,0
FINAL,1999,JULY/AUGUST,MISSISSIPPI,SOUTHERN FLOUNDER,220180,53.7,0
FINAL,1999,SEPTEMBER/OCTOBER,ALABAMA,SOUTHERN FLOUNDER,84156,41,0
FINAL,1999,SEPTEMBER/OCTOBER,FLORIDA,SOUTHERN FLOUNDER,6422,99.3,0
FINAL,1999,SEPTEMBER/OCTOBER,LOUISIANA,SOUTHERN FLOUNDER,86196,18.9,0
FINAL,1999,SEPTEMBER/OCTOBER,MISSISSIPPI,SOUTHERN FLOUNDER,20562,29.4,0
FINAL,1999,NOVEMBER/DECEMBER,ALABAMA,SOUTHERN FLOUNDER,3677,62.7,0
FINAL,1999,NOVEMBER/DECEMBER,FLORIDA,SOUTHERN FLOUNDER,79,97.5,0
FINAL,1999,NOVEMBER/DECEMBER,LOUISIANA,SOUTHERN FLOUNDER,388505,40.5,0
FINAL,1999,NOVEMBER/DECEMBER,MISSISSIPPI,SOUTHERN FLOUNDER,11142,37.3,0
FINAL,2000,JANUARY/FEBRUARY,ALABAMA,SOUTHERN FLOUNDER,25694,47.4,0
FINAL,2000,JANUARY/FEBRUARY,LOUISIANA,SOUTHERN FLOUNDER,20155,28.9,0
FINAL,2000,JANUARY/FEBRUARY,MISSISSIPPI,SOUTHERN FLOUNDER,6561,37.8,0
FINAL,2000,MARCH/APRIL,ALABAMA,SOUTHERN FLOUNDER,21978,47.4,0
FINAL,2000,MARCH/APRIL,FLORIDA,SOUTHERN FLOUNDER,106,47.2,0
FINAL,2000,MARCH/APRIL,LOUISIANA,SOUTHERN FLOUNDER,102424,34.3,0
FINAL,2000,MARCH/APRIL,MISSISSIPPI,SOUTHERN FLOUNDER,11504,34.6,0
FINAL,2000,MAY/JUNE,ALABAMA,SOUTHERN FLOUNDER,61449,57.2,0
FINAL,2000,MAY/JUNE,FLORIDA,SOUTHERN FLOUNDER,8279,57.3,0
FINAL,2000,MAY/JUNE,LOUISIANA,SOUTHERN FLOUNDER,118852,22.5,0
FINAL,2000,MAY/JUNE,MISSISSIPPI,SOUTHERN FLOUNDER,55143,47,0
FINAL,2000,JULY/AUGUST,ALABAMA,SOUTHERN FLOUNDER,21387,31.1,0
FINAL,2000,JULY/AUGUST,FLORIDA,SOUTHERN FLOUNDER,8961,73.5,0
FINAL,2000,JULY/AUGUST,LOUISIANA,SOUTHERN FLOUNDER,102086,26.1,0
FINAL,2000,JULY/AUGUST,MISSISSIPPI,SOUTHERN FLOUNDER,32898,48.1,0
FINAL,2000,SEPTEMBER/OCTOBER,ALABAMA,SOUTHERN FLOUNDER,21541,49.3,0
FINAL,2000,SEPTEMBER/OCTOBER,FLORIDA,SOUTHERN FLOUNDER,5595,77.1,0
FINAL,2000,SEPTEMBER/OCTOBER,LOUISIANA,SOUTHERN FLOUNDER,164966,26.3,0
FINAL,2000,SEPTEMBER/OCTOBER,MISSISSIPPI,SOUTHERN FLOUNDER,23046,34.9,0
FINAL,2000,NOVEMBER/DECEMBER,ALABAMA,SOUTHERN FLOUNDER,30893,83.7,0
FINAL,2000,NOVEMBER/DECEMBER,FLORIDA,SOUTHERN FLOUNDER,13658,75.4,0
FINAL,2000,NOVEMBER/DECEMBER,LOUISIANA,SOUTHERN FLOUNDER,64979,28.4,0
FINAL,2000,NOVEMBER/DECEMBER,MISSISSIPPI,SOUTHERN FLOUNDER,7160,48,0
FINAL,2001,JANUARY/FEBRUARY,ALABAMA,SOUTHERN FLOUNDER,19027,56.4,0
FINAL,2001,JANUARY/FEBRUARY,FLORIDA,SOUTHERN FLOUNDER,12773,79.9,0
FINAL,2001,JANUARY/FEBRUARY,LOUISIANA,SOUTHERN FLOUNDER,7274,50.7,0
FINAL,2001,JANUARY/FEBRUARY,MISSISSIPPI,SOUTHERN FLOUNDER,5008,60,0
FINAL,2001,MARCH/APRIL,ALABAMA,SOUTHERN FLOUNDER,29513,57.6,0
FINAL,2001,MARCH/APRIL,FLORIDA,SOUTHERN FLOUNDER,11641,61.9,0
FINAL,2001,MARCH/APRIL,LOUISIANA,SOUTHERN FLOUNDER,164114,76.1,0
FINAL,2001,MARCH/APRIL,MISSISSIPPI,SOUTHERN FLOUNDER,38358,71.4,0
FINAL,2001,MAY/JUNE,ALABAMA,SOUTHERN FLOUNDER,79445,52.8,0
FINAL,2001,MAY/JUNE,FLORIDA,SOUTHERN FLOUNDER,4118,48.2,0
FINAL,2001,MAY/JUNE,LOUISIANA,SOUTHERN FLOUNDER,106393,25.2,0
FINAL,2001,MAY/JUNE,MISSISSIPPI,SOUTHERN FLOUNDER,102607,27.2,0
FINAL,2001,JULY/AUGUST,ALABAMA,SOUTHERN FLOUNDER,30931,51.2,0
FINAL,2001,JULY/AUGUST,FLORIDA,SOUTHERN FLOUNDER,18809,85.7,0
FINAL,2001,JULY/AUGUST,LOUISIANA,SOUTHERN FLOUNDER,90817,20.4,0
FINAL,2001,JULY/AUGUST,MISSISSIPPI,SOUTHERN FLOUNDER,141252,33.1,0
FINAL,2001,SEPTEMBER/OCTOBER,ALABAMA,SOUTHERN FLOUNDER,12493,35.8,0
FINAL,2001,SEPTEMBER/OCTOBER,FLORIDA,SOUTHERN FLOUNDER,8451,61.2,0
FINAL,2001,SEPTEMBER/OCTOBER,LOUISIANA,SOUTHERN FLOUNDER,80454,19.2,0
FINAL,2001,SEPTEMBER/OCTOBER,MISSISSIPPI,SOUTHERN FLOUNDER,50087,51.6,0
FINAL,2001,NOVEMBER/DECEMBER,ALABAMA,SOUTHERN FLOUNDER,168107,59.4,0
FINAL,2001,NOVEMBER/DECEMBER,FLORIDA,SOUTHERN FLOUNDER,576,98.6,0
FINAL,2001,NOVEMBER/DECEMBER,LOUISIANA,SOUTHERN FLOUNDER,46127,40,0
FINAL,2001,NOVEMBER/DECEMBER,MISSISSIPPI,SOUTHERN FLOUNDER,24442,44.1,0
FINAL,2002,JANUARY/FEBRUARY,ALABAMA,SOUTHERN FLOUNDER,27846,73.1,0
FINAL,2002,JANUARY/FEBRUARY,LOUISIANA,SOUTHERN FLOUNDER,22129,48.1,0
FINAL,2002,JANUARY/FEBRUARY,MISSISSIPPI,SOUTHERN FLOUNDER,12712,17.6,0
FINAL,2002,MARCH/APRIL,ALABAMA,SOUTHERN FLOUNDER,9155,50.7,0
FINAL,2002,MARCH/APRIL,FLORIDA,SOUTHERN FLOUNDER,511,99.8,0
FINAL,2002,MARCH/APRIL,LOUISIANA,SOUTHERN FLOUNDER,32447,34.4,0
FINAL,2002,MARCH/APRIL,MISSISSIPPI,SOUTHERN FLOUNDER,54910,44.3,0
FINAL,2002,MAY/JUNE,ALABAMA,SOUTHERN FLOUNDER,26080,48.1,0
FINAL,2002,MAY/JUNE,FLORIDA,SOUTHERN FLOUNDER,11900,76.6,0
FINAL,2002,MAY/JUNE,LOUISIANA,SOUTHERN FLOUNDER,133125,28.9,0
FINAL,2002,MAY/JUNE,MISSISSIPPI,SOUTHERN FLOUNDER,70532,38.9,0
FINAL,2002,JULY/AUGUST,ALABAMA,SOUTHERN FLOUNDER,84171,45.2,0
FINAL,2002,JULY/AUGUST,FLORIDA,SOUTHERN FLOUNDER,7210,81,0
FINAL,2002,JULY/AUGUST,LOUISIANA,SOUTHERN FLOUNDER,93303,30.6,0
FINAL,2002,JULY/AUGUST,MISSISSIPPI,SOUTHERN FLOUNDER,46323,23.2,0
FINAL,2002,SEPTEMBER/OCTOBER,ALABAMA,SOUTHERN FLOUNDER,76882,47,0
FINAL,2002,SEPTEMBER/OCTOBER,FLORIDA,SOUTHERN FLOUNDER,2509,96.7,0
FINAL,2002,SEPTEMBER/OCTOBER,LOUISIANA,SOUTHERN FLOUNDER,57332,22.7,0
FINAL,2002,SEPTEMBER/OCTOBER,MISSISSIPPI,SOUTHERN FLOUNDER,11494,49.7,0
FINAL,2002,NOVEMBER/DECEMBER,ALABAMA,SOUTHERN FLOUNDER,30297,44,0
FINAL,2002,NOVEMBER/DECEMBER,FLORIDA,SOUTHERN FLOUNDER,1958,98.7,0
FINAL,2002,NOVEMBER/DECEMBER,LOUISIANA,SOUTHERN FLOUNDER,40810,27.8,0
FINAL,2002,NOVEMBER/DECEMBER,MISSISSIPPI,SOUTHERN FLOUNDER,24357,49.8,0
FINAL,2003,JANUARY/FEBRUARY,ALABAMA,SOUTHERN FLOUNDER,23507,71.5,0
FINAL,2003,JANUARY/FEBRUARY,LOUISIANA,SOUTHERN FLOUNDER,42147,56.4,0
FINAL,2003,JANUARY/FEBRUARY,MISSISSIPPI,SOUTHERN FLOUNDER,0,.,0
FINAL,2003,MARCH/APRIL,ALABAMA,SOUTHERN FLOUNDER,65067,62.6,0
FINAL,2003,MARCH/APRIL,FLORIDA,SOUTHERN FLOUNDER,920,91,0
FINAL,2003,MARCH/APRIL,LOUISIANA,SOUTHERN FLOUNDER,41220,38.3,0
FINAL,2003,MARCH/APRIL,MISSISSIPPI,SOUTHERN FLOUNDER,52844,49.2,0
FINAL,2003,MAY/JUNE,ALABAMA,SOUTHERN FLOUNDER,112514,71.3,0
FINAL,2003,MAY/JUNE,FLORIDA,SOUTHERN FLOUNDER,8776,55.3,0
FINAL,2003,MAY/JUNE,LOUISIANA,SOUTHERN FLOUNDER,150172,27.6,0
FINAL,2003,MAY/JUNE,MISSISSIPPI,SOUTHERN FLOUNDER,34718,37.4,0
FINAL,2003,JULY/AUGUST,ALABAMA,SOUTHERN FLOUNDER,69924,53.2,0
FINAL,2003,JULY/AUGUST,FLORIDA,SOUTHERN FLOUNDER,6930,62.8,0
FINAL,2003,JULY/AUGUST,LOUISIANA,SOUTHERN FLOUNDER,36168,26.9,0
FINAL,2003,JULY/AUGUST,MISSISSIPPI,SOUTHERN FLOUNDER,29080,32,0
FINAL,2003,SEPTEMBER/OCTOBER,ALABAMA,SOUTHERN FLOUNDER,42322,36.9,0
FINAL,2003,SEPTEMBER/OCTOBER,FLORIDA,SOUTHERN FLOUNDER,7706,59.3,0
FINAL,2003,SEPTEMBER/OCTOBER,LOUISIANA,SOUTHERN FLOUNDER,69393,16.5,0
FINAL,2003,SEPTEMBER/OCTOBER,MISSISSIPPI,SOUTHERN FLOUNDER,14721,38.3,0
FINAL,2003,NOVEMBER/DECEMBER,ALABAMA,SOUTHERN FLOUNDER,2052,87.6,0
FINAL,2003,NOVEMBER/DECEMBER,FLORIDA,SOUTHERN FLOUNDER,1891,67.5,0
FINAL,2003,NOVEMBER/DECEMBER,LOUISIANA,SOUTHERN FLOUNDER,91751,45.2,0
FINAL,2003,NOVEMBER/DECEMBER,MISSISSIPPI,SOUTHERN FLOUNDER,3645,65.5,0
FINAL,2004,JANUARY/FEBRUARY,ALABAMA,SOUTHERN FLOUNDER,2356,42.6,0
FINAL,2004,JANUARY/FEBRUARY,LOUISIANA,SOUTHERN FLOUNDER,8206,58.3,0
FINAL,2004,JANUARY/FEBRUARY,MISSISSIPPI,SOUTHERN FLOUNDER,0,.,0
FINAL,2004,MARCH/APRIL,ALABAMA,SOUTHERN FLOUNDER,107644,56.5,0
FINAL,2004,MARCH/APRIL,FLORIDA,SOUTHERN FLOUNDER,0,.,0
FINAL,2004,MARCH/APRIL,LOUISIANA,SOUTHERN FLOUNDER,32009,23.8,0
FINAL,2004,MARCH/APRIL,MISSISSIPPI,SOUTHERN FLOUNDER,13259,62.5,0
FINAL,2004,MAY/JUNE,ALABAMA,SOUTHERN FLOUNDER,34094,44.1,0
FINAL,2004,MAY/JUNE,FLORIDA,SOUTHERN FLOUNDER,1430,96.1,0
FINAL,2004,MAY/JUNE,LOUISIANA,SOUTHERN FLOUNDER,96143,47.3,0
FINAL,2004,MAY/JUNE,MISSISSIPPI,SOUTHERN FLOUNDER,32498,36.6,0
FINAL,2004,JULY/AUGUST,ALABAMA,SOUTHERN FLOUNDER,19540,57.7,0
FINAL,2004,JULY/AUGUST,FLORIDA,SOUTHERN FLOUNDER,1518,72.9,0
FINAL,2004,JULY/AUGUST,LOUISIANA,SOUTHERN FLOUNDER,93685,26.6,0
FINAL,2004,JULY/AUGUST,MISSISSIPPI,SOUTHERN FLOUNDER,25362,36.9,0
FINAL,2004,SEPTEMBER/OCTOBER,ALABAMA,SOUTHERN FLOUNDER,7549,43.5,0
FINAL,2004,SEPTEMBER/OCTOBER,FLORIDA,SOUTHERN FLOUNDER,3602,91.8,0
FINAL,2004,SEPTEMBER/OCTOBER,LOUISIANA,SOUTHERN FLOUNDER,48538,19.4,0
FINAL,2004,SEPTEMBER/OCTOBER,MISSISSIPPI,SOUTHERN FLOUNDER,9980,72.1,0
FINAL,2004,NOVEMBER/DECEMBER,ALABAMA,SOUTHERN FLOUNDER,9849,46,0
FINAL,2004,NOVEMBER/DECEMBER,FLORIDA,SOUTHERN FLOUNDER,50911,64.2,0
FINAL,2004,NOVEMBER/DECEMBER,LOUISIANA,SOUTHERN FLOUNDER,117911,40.7,0
FINAL,2004,NOVEMBER/DECEMBER,MISSISSIPPI,SOUTHERN FLOUNDER,28194,68.9,0
FINAL,2005,JANUARY/FEBRUARY,ALABAMA,SOUTHERN FLOUNDER,2111,63,0
FINAL,2005,JANUARY/FEBRUARY,FLORIDA,SOUTHERN FLOUNDER,743,97.1,0
FINAL,2005,JANUARY/FEBRUARY,LOUISIANA,SOUTHERN FLOUNDER,10525,45.6,0
FINAL,2005,JANUARY/FEBRUARY,MISSISSIPPI,SOUTHERN FLOUNDER,2070,91.1,0
FINAL,2005,MARCH/APRIL,ALABAMA,SOUTHERN FLOUNDER,99338,78.8,0
FINAL,2005,MARCH/APRIL,FLORIDA,SOUTHERN FLOUNDER,13469,53.9,0
FINAL,2005,MARCH/APRIL,LOUISIANA,SOUTHERN FLOUNDER,26935,38,0
FINAL,2005,MARCH/APRIL,MISSISSIPPI,SOUTHERN FLOUNDER,7484,59.1,0
FINAL,2005,MAY/JUNE,ALABAMA,SOUTHERN FLOUNDER,55945,45.1,0
FINAL,2005,MAY/JUNE,FLORIDA,SOUTHERN FLOUNDER,13830,65,0
FINAL,2005,MAY/JUNE,LOUISIANA,SOUTHERN FLOUNDER,80378,20.4,0
FINAL,2005,MAY/JUNE,MISSISSIPPI,SOUTHERN FLOUNDER,17650,35.1,0
FINAL,2005,JULY/AUGUST,ALABAMA,SOUTHERN FLOUNDER,11788,47.3,0
FINAL,2005,JULY/AUGUST,FLORIDA,SOUTHERN FLOUNDER,1460,98.1,0
FINAL,2005,JULY/AUGUST,LOUISIANA,SOUTHERN FLOUNDER,27151,25.2,0
FINAL,2005,JULY/AUGUST,MISSISSIPPI,SOUTHERN FLOUNDER,75754,73.6,0
FINAL,2005,SEPTEMBER/OCTOBER,ALABAMA,SOUTHERN FLOUNDER,47883,45,0
FINAL,2005,SEPTEMBER/OCTOBER,FLORIDA,SOUTHERN FLOUNDER,9958,49.9,0
FINAL,2005,SEPTEMBER/OCTOBER,LOUISIANA,SOUTHERN FLOUNDER,39849,43.2,0
FINAL,2005,NOVEMBER/DECEMBER,ALABAMA,SOUTHERN FLOUNDER,27317,47.6,0
FINAL,2005,NOVEMBER/DECEMBER,FLORIDA,SOUTHERN FLOUNDER,4562,85.3,0
FINAL,2005,NOVEMBER/DECEMBER,LOUISIANA,SOUTHERN FLOUNDER,156791,34.4,0
FINAL,2005,NOVEMBER/DECEMBER,MISSISSIPPI,SOUTHERN FLOUNDER,0,.,0
FINAL,2006,JANUARY/FEBRUARY,ALABAMA,SOUTHERN FLOUNDER,4940,69.4,0
FINAL,2006,JANUARY/FEBRUARY,FLORIDA,SOUTHERN FLOUNDER,0,.,0
FINAL,2006,JANUARY/FEBRUARY,LOUISIANA,SOUTHERN FLOUNDER,41052,48.1,0
FINAL,2006,JANUARY/FEBRUARY,MISSISSIPPI,SOUTHERN FLOUNDER,310,103.2,0
FINAL,2006,MARCH/APRIL,ALABAMA,SOUTHERN FLOUNDER,4455,57.6,0
FINAL,2006,MARCH/APRIL,FLORIDA,SOUTHERN FLOUNDER,3340,59.8,0
FINAL,2006,MARCH/APRIL,LOUISIANA,SOUTHERN FLOUNDER,28774,30.9,0
FINAL,2006,MARCH/APRIL,MISSISSIPPI,SOUTHERN FLOUNDER,17309,34.4,0
FINAL,2006,MAY/JUNE,ALABAMA,SOUTHERN FLOUNDER,38290,36,0
FINAL,2006,MAY/JUNE,FLORIDA,SOUTHERN FLOUNDER,3485,64.7,0
FINAL,2006,MAY/JUNE,LOUISIANA,SOUTHERN FLOUNDER,81466,23.7,0
FINAL,2006,MAY/JUNE,MISSISSIPPI,SOUTHERN FLOUNDER,56467,61.7,0
FINAL,2006,JULY/AUGUST,ALABAMA,SOUTHERN FLOUNDER,48472,42.5,0
FINAL,2006,JULY/AUGUST,FLORIDA,SOUTHERN FLOUNDER,3889,48.8,0
FINAL,2006,JULY/AUGUST,LOUISIANA,SOUTHERN FLOUNDER,44980,25.9,0
FINAL,2006,JULY/AUGUST,MISSISSIPPI,SOUTHERN FLOUNDER,4231,48.7,0
FINAL,2006,SEPTEMBER/OCTOBER,ALABAMA,SOUTHERN FLOUNDER,18960,42.5,0
FINAL,2006,SEPTEMBER/OCTOBER,FLORIDA,SOUTHERN FLOUNDER,2118,58.6,0
FINAL,2006,SEPTEMBER/OCTOBER,LOUISIANA,SOUTHERN FLOUNDER,78279,23.6,0
FINAL,2006,SEPTEMBER/OCTOBER,MISSISSIPPI,SOUTHERN FLOUNDER,996,108,0
FINAL,2006,NOVEMBER/DECEMBER,ALABAMA,SOUTHERN FLOUNDER,7046,53.1,0
FINAL,2006,NOVEMBER/DECEMBER,FLORIDA,SOUTHERN FLOUNDER,56,53,0
FINAL,2006,NOVEMBER/DECEMBER,LOUISIANA,SOUTHERN FLOUNDER,111698,57.4,0
FINAL,2006,NOVEMBER/DECEMBER,MISSISSIPPI,SOUTHERN FLOUNDER,14043,38.8,0
FINAL,2007,JANUARY/FEBRUARY,ALABAMA,SOUTHERN FLOUNDER,10891,82,0
FINAL,2007,JANUARY/FEBRUARY,FLORIDA,SOUTHERN FLOUNDER,1771,99.8,0
FINAL,2007,JANUARY/FEBRUARY,LOUISIANA,SOUTHERN FLOUNDER,14744,69.3,0
FINAL,2007,JANUARY/FEBRUARY,MISSISSIPPI,SOUTHERN FLOUNDER,17776,63.5,0
FINAL,2007,MARCH/APRIL,ALABAMA,SOUTHERN FLOUNDER,5543,56.2,0
FINAL,2007,MARCH/APRIL,FLORIDA,SOUTHERN FLOUNDER,3047,70.7,0
FINAL,2007,MARCH/APRIL,LOUISIANA,SOUTHERN FLOUNDER,25401,29.6,0
FINAL,2007,MARCH/APRIL,MISSISSIPPI,SOUTHERN FLOUNDER,19650,54.1,0
FINAL,2007,MAY/JUNE,ALABAMA,SOUTHERN FLOUNDER,40150,38,0
FINAL,2007,MAY/JUNE,FLORIDA,SOUTHERN FLOUNDER,4561,64.4,0
FINAL,2007,MAY/JUNE,LOUISIANA,SOUTHERN FLOUNDER,92907,33.9,0
FINAL,2007,MAY/JUNE,MISSISSIPPI,SOUTHERN FLOUNDER,31409,48.3,0
FINAL,2007,JULY/AUGUST,ALABAMA,SOUTHERN FLOUNDER,53259,33.5,0
FINAL,2007,JULY/AUGUST,FLORIDA,SOUTHERN FLOUNDER,13711,48.7,0
FINAL,2007,JULY/AUGUST,LOUISIANA,SOUTHERN FLOUNDER,39741,20,0
FINAL,2007,JULY/AUGUST,MISSISSIPPI,SOUTHERN FLOUNDER,78844,42.2,0
FINAL,2007,SEPTEMBER/OCTOBER,ALABAMA,SOUTHERN FLOUNDER,11278,40.5,0
FINAL,2007,SEPTEMBER/OCTOBER,FLORIDA,SOUTHERN FLOUNDER,4890,69.1,0
FINAL,2007,SEPTEMBER/OCTOBER,LOUISIANA,SOUTHERN FLOUNDER,71386,27.6,0
FINAL,2007,SEPTEMBER/OCTOBER,MISSISSIPPI,SOUTHERN FLOUNDER,21969,43.7,0
FINAL,2007,NOVEMBER/DECEMBER,ALABAMA,SOUTHERN FLOUNDER,17432,39.8,0
FINAL,2007,NOVEMBER/DECEMBER,FLORIDA,SOUTHERN FLOUNDER,142084,92,0
FINAL,2007,NOVEMBER/DECEMBER,LOUISIANA,SOUTHERN FLOUNDER,144990,39.9,0
FINAL,2007,NOVEMBER/DECEMBER,MISSISSIPPI,SOUTHERN FLOUNDER,16692,57.1,0
FINAL,2008,JANUARY/FEBRUARY,ALABAMA,SOUTHERN FLOUNDER,4017,71.7,0
FINAL,2008,JANUARY/FEBRUARY,FLORIDA,SOUTHERN FLOUNDER,6774,59.7,0
FINAL,2008,JANUARY/FEBRUARY,LOUISIANA,SOUTHERN FLOUNDER,13281,44.8,0
FINAL,2008,JANUARY/FEBRUARY,MISSISSIPPI,SOUTHERN FLOUNDER,1208,80.3,0
FINAL,2008,MARCH/APRIL,ALABAMA,SOUTHERN FLOUNDER,20382,34.4,0
FINAL,2008,MARCH/APRIL,FLORIDA,SOUTHERN FLOUNDER,1350,95.5,0
FINAL,2008,MARCH/APRIL,LOUISIANA,SOUTHERN FLOUNDER,61908,25.1,0
FINAL,2008,MARCH/APRIL,MISSISSIPPI,SOUTHERN FLOUNDER,16920,39.5,0
FINAL,2008,MAY/JUNE,ALABAMA,SOUTHERN FLOUNDER,24629,36.7,0
FINAL,2008,MAY/JUNE,FLORIDA,SOUTHERN FLOUNDER,4203,66.3,0
FINAL,2008,MAY/JUNE,LOUISIANA,SOUTHERN FLOUNDER,38442,19.7,0
FINAL,2008,MAY/JUNE,MISSISSIPPI,SOUTHERN FLOUNDER,105770,37.8,0
FINAL,2008,JULY/AUGUST,ALABAMA,SOUTHERN FLOUNDER,50400,51.6,0
FINAL,2008,JULY/AUGUST,FLORIDA,SOUTHERN FLOUNDER,18804,93.5,0
FINAL,2008,JULY/AUGUST,LOUISIANA,SOUTHERN FLOUNDER,70910,51.6,0
FINAL,2008,JULY/AUGUST,MISSISSIPPI,SOUTHERN FLOUNDER,60592,34.4,0
FINAL,2008,SEPTEMBER/OCTOBER,ALABAMA,SOUTHERN FLOUNDER,34635,58.7,0
FINAL,2008,SEPTEMBER/OCTOBER,FLORIDA,SOUTHERN FLOUNDER,18249,64.4,0
FINAL,2008,SEPTEMBER/OCTOBER,LOUISIANA,SOUTHERN FLOUNDER,44931,20.4,0
FINAL,2008,SEPTEMBER/OCTOBER,MISSISSIPPI,SOUTHERN FLOUNDER,60521,48.6,0
FINAL,2008,NOVEMBER/DECEMBER,ALABAMA,SOUTHERN FLOUNDER,21641,53.3,0
FINAL,2008,NOVEMBER/DECEMBER,LOUISIANA,SOUTHERN FLOUNDER,82148,67.4,0
FINAL,2008,NOVEMBER/DECEMBER,MISSISSIPPI,SOUTHERN FLOUNDER,20208,33.5,0
FINAL,2009,JANUARY/FEBRUARY,ALABAMA,SOUTHERN FLOUNDER,2114,56,0
FINAL,2009,JANUARY/FEBRUARY,FLORIDA,SOUTHERN FLOUNDER,4867,72.6,0
FINAL,2009,JANUARY/FEBRUARY,LOUISIANA,SOUTHERN FLOUNDER,16795,31.5,0
FINAL,2009,JANUARY/FEBRUARY,MISSISSIPPI,SOUTHERN FLOUNDER,13557,52.3,0
FINAL,2009,MARCH/APRIL,ALABAMA,SOUTHERN FLOUNDER,6194,60.7,0
FINAL,2009,MARCH/APRIL,LOUISIANA,SOUTHERN FLOUNDER,45708,28.3,0
FINAL,2009,MARCH/APRIL,MISSISSIPPI,SOUTHERN FLOUNDER,112121,51.3,0
FINAL,2009,MAY/JUNE,ALABAMA,SOUTHERN FLOUNDER,62430,64.6,0
FINAL,2009,MAY/JUNE,FLORIDA,SOUTHERN FLOUNDER,5150,51.7,0
FINAL,2009,MAY/JUNE,LOUISIANA,SOUTHERN FLOUNDER,48094,22.9,0
FINAL,2009,MAY/JUNE,MISSISSIPPI,SOUTHERN FLOUNDER,40206,43,0
FINAL,2009,JULY/AUGUST,ALABAMA,SOUTHERN FLOUNDER,33743,73.5,0
FINAL,2009,JULY/AUGUST,FLORIDA,SOUTHERN FLOUNDER,834,98.5,0
FINAL,2009,JULY/AUGUST,LOUISIANA,SOUTHERN FLOUNDER,154976,53.5,0
FINAL,2009,JULY/AUGUST,MISSISSIPPI,SOUTHERN FLOUNDER,90059,30.4,0
FINAL,2009,SEPTEMBER/OCTOBER,ALABAMA,SOUTHERN FLOUNDER,9891,32.1,0
FINAL,2009,SEPTEMBER/OCTOBER,FLORIDA,SOUTHERN FLOUNDER,1401,88.4,0
FINAL,2009,SEPTEMBER/OCTOBER,LOUISIANA,SOUTHERN FLOUNDER,160088,51.4,0
FINAL,2009,SEPTEMBER/OCTOBER,MISSISSIPPI,SOUTHERN FLOUNDER,73302,34.6,0
FINAL,2009,NOVEMBER/DECEMBER,ALABAMA,SOUTHERN FLOUNDER,107972,50.8,0
FINAL,2009,NOVEMBER/DECEMBER,LOUISIANA,SOUTHERN FLOUNDER,85682,42.7,0
FINAL,2009,NOVEMBER/DECEMBER,MISSISSIPPI,SOUTHERN FLOUNDER,9303,44.7,0
FINAL,2010,JANUARY/FEBRUARY,ALABAMA,SOUTHERN FLOUNDER,1079,102.6,0
FINAL,2010,JANUARY/FEBRUARY,LOUISIANA,SOUTHERN FLOUNDER,4225,52.2,0
FINAL,2010,JANUARY/FEBRUARY,MISSISSIPPI,SOUTHERN FLOUNDER,15280,66.8,0
FINAL,2010,MARCH/APRIL,ALABAMA,SOUTHERN FLOUNDER,23543,49.3,0
FINAL,2010,MARCH/APRIL,LOUISIANA,SOUTHERN FLOUNDER,47277,27.1,0
FINAL,2010,MARCH/APRIL,MISSISSIPPI,SOUTHERN FLOUNDER,62365,75.1,0
FINAL,2010,MAY/JUNE,ALABAMA,SOUTHERN FLOUNDER,39184,41.6,0
FINAL,2010,MAY/JUNE,FLORIDA,SOUTHERN FLOUNDER,1035,99.4,0
FINAL,2010,MAY/JUNE,LOUISIANA,SOUTHERN FLOUNDER,109883,30,0
FINAL,2010,MAY/JUNE,MISSISSIPPI,SOUTHERN FLOUNDER,78184,29.3,0
FINAL,2010,JULY/AUGUST,ALABAMA,SOUTHERN FLOUNDER,274119,41.7,0
FINAL,2010,JULY/AUGUST,FLORIDA,SOUTHERN FLOUNDER,6893,68.7,0
FINAL,2010,JULY/AUGUST,LOUISIANA,SOUTHERN FLOUNDER,98085,23,0
FINAL,2010,JULY/AUGUST,MISSISSIPPI,SOUTHERN FLOUNDER,83719,49.4,0
FINAL,2010,SEPTEMBER/OCTOBER,ALABAMA,SOUTHERN FLOUNDER,159767,45.3,0
FINAL,2010,SEPTEMBER/OCTOBER,FLORIDA,SOUTHERN FLOUNDER,123,85.8,0
FINAL,2010,SEPTEMBER/OCTOBER,LOUISIANA,SOUTHERN FLOUNDER,42779,24,0
FINAL,2010,SEPTEMBER/OCTOBER,MISSISSIPPI,SOUTHERN FLOUNDER,65333,66,0
FINAL,2010,NOVEMBER/DECEMBER,ALABAMA,SOUTHERN FLOUNDER,26295,55.9,0
FINAL,2010,NOVEMBER/DECEMBER,FLORIDA,SOUTHERN FLOUNDER,12,91.4,0
FINAL,2010,NOVEMBER/DECEMBER,LOUISIANA,SOUTHERN FLOUNDER,76970,29.9,0
FINAL,2010,NOVEMBER/DECEMBER,MISSISSIPPI,SOUTHERN FLOUNDER,8335,69.5,0
FINAL,2011,JANUARY/FEBRUARY,ALABAMA,SOUTHERN FLOUNDER,388,101.2,0
FINAL,2011,JANUARY/FEBRUARY,LOUISIANA,SOUTHERN FLOUNDER,25435,54.2,0
FINAL,2011,JANUARY/FEBRUARY,MISSISSIPPI,SOUTHERN FLOUNDER,818,102.9,0
FINAL,2011,MARCH/APRIL,ALABAMA,SOUTHERN FLOUNDER,33098,56.9,0
FINAL,2011,MARCH/APRIL,FLORIDA,SOUTHERN FLOUNDER,5246,66.5,0
FINAL,2011,MARCH/APRIL,LOUISIANA,SOUTHERN FLOUNDER,34876,28,0
FINAL,2011,MARCH/APRIL,MISSISSIPPI,SOUTHERN FLOUNDER,24735,46.8,0
FINAL,2011,MAY/JUNE,ALABAMA,SOUTHERN FLOUNDER,43686,38.5,0
FINAL,2011,MAY/JUNE,FLORIDA,SOUTHERN FLOUNDER,7974,93.3,0
FINAL,2011,MAY/JUNE,LOUISIANA,SOUTHERN FLOUNDER,103894,19.4,0
FINAL,2011,MAY/JUNE,MISSISSIPPI,SOUTHERN FLOUNDER,137409,48.9,0
FINAL,2011,JULY/AUGUST,ALABAMA,SOUTHERN FLOUNDER,63914,51.2,0
FINAL,2011,JULY/AUGUST,FLORIDA,SOUTHERN FLOUNDER,9837,63.6,0
FINAL,2011,JULY/AUGUST,LOUISIANA,SOUTHERN FLOUNDER,144249,35.1,0
FINAL,2011,JULY/AUGUST,MISSISSIPPI,SOUTHERN FLOUNDER,76213,37.3,0
FINAL,2011,SEPTEMBER/OCTOBER,ALABAMA,SOUTHERN FLOUNDER,39996,25.8,0
FINAL,2011,SEPTEMBER/OCTOBER,FLORIDA,SOUTHERN FLOUNDER,9423,70,0
FINAL,2011,SEPTEMBER/OCTOBER,LOUISIANA,SOUTHERN FLOUNDER,147643,56.2,0
FINAL,2011,SEPTEMBER/OCTOBER,MISSISSIPPI,SOUTHERN FLOUNDER,15848,36.6,0
FINAL,2011,NOVEMBER/DECEMBER,ALABAMA,SOUTHERN FLOUNDER,36831,63.2,0
FINAL,2011,NOVEMBER/DECEMBER,FLORIDA,SOUTHERN FLOUNDER,22677,50.2,0
FINAL,2011,NOVEMBER/DECEMBER,LOUISIANA,SOUTHERN FLOUNDER,128426,27.1,0
FINAL,2011,NOVEMBER/DECEMBER,MISSISSIPPI,SOUTHERN FLOUNDER,10021,49.1,0
FINAL,2012,JANUARY/FEBRUARY,ALABAMA,SOUTHERN FLOUNDER,6261,47.8,0
FINAL,2012,JANUARY/FEBRUARY,FLORIDA,SOUTHERN FLOUNDER,3933,90.4,0
FINAL,2012,JANUARY/FEBRUARY,LOUISIANA,SOUTHERN FLOUNDER,17387,47.6,0
FINAL,2012,JANUARY/FEBRUARY,MISSISSIPPI,SOUTHERN FLOUNDER,7360,63.2,0
FINAL,2012,MARCH/APRIL,ALABAMA,SOUTHERN FLOUNDER,40609,45.7,0
FINAL,2012,MARCH/APRIL,FLORIDA,SOUTHERN FLOUNDER,11964,62,0
FINAL,2012,MARCH/APRIL,LOUISIANA,SOUTHERN FLOUNDER,26185,31.2,0
FINAL,2012,MARCH/APRIL,MISSISSIPPI,SOUTHERN FLOUNDER,38128,59.6,0
FINAL,2012,MAY/JUNE,ALABAMA,SOUTHERN FLOUNDER,27238,50.8,0
FINAL,2012,MAY/JUNE,FLORIDA,SOUTHERN FLOUNDER,3674,59.4,0
FINAL,2012,MAY/JUNE,LOUISIANA,SOUTHERN FLOUNDER,74905,20.4,0
FINAL,2012,MAY/JUNE,MISSISSIPPI,SOUTHERN FLOUNDER,79763,44.8,0
FINAL,2012,JULY/AUGUST,ALABAMA,SOUTHERN FLOUNDER,55575,59.5,0
FINAL,2012,JULY/AUGUST,FLORIDA,SOUTHERN FLOUNDER,16283,50.6,0
FINAL,2012,JULY/AUGUST,LOUISIANA,SOUTHERN FLOUNDER,129177,34.1,0
FINAL,2012,JULY/AUGUST,MISSISSIPPI,SOUTHERN FLOUNDER,36410,48.7,0
FINAL,2012,SEPTEMBER/OCTOBER,ALABAMA,SOUTHERN FLOUNDER,30766,47.2,0
FINAL,2012,SEPTEMBER/OCTOBER,FLORIDA,SOUTHERN FLOUNDER,3351,51.5,0
FINAL,2012,SEPTEMBER/OCTOBER,LOUISIANA,SOUTHERN FLOUNDER,97505,31.5,0
FINAL,2012,SEPTEMBER/OCTOBER,MISSISSIPPI,SOUTHERN FLOUNDER,80354,35.9,0
FINAL,2012,NOVEMBER/DECEMBER,ALABAMA,SOUTHERN FLOUNDER,3910,54.3,0
FINAL,2012,NOVEMBER/DECEMBER,FLORIDA,SOUTHERN FLOUNDER,6581,59.3,0
FINAL,2012,NOVEMBER/DECEMBER,LOUISIANA,SOUTHERN FLOUNDER,84510,33.6,0
FINAL,2012,NOVEMBER/DECEMBER,MISSISSIPPI,SOUTHERN FLOUNDER,13554,62,0
FINAL,2013,JANUARY/FEBRUARY,ALABAMA,SOUTHERN FLOUNDER,9952,63.6,0
FINAL,2013,JANUARY/FEBRUARY,FLORIDA,SOUTHERN FLOUNDER,26549,99.8,0
FINAL,2013,JANUARY/FEBRUARY,LOUISIANA,SOUTHERN FLOUNDER,35416,37.6,0
FINAL,2013,JANUARY/FEBRUARY,MISSISSIPPI,SOUTHERN FLOUNDER,252,101,0
FINAL,2013,MARCH/APRIL,ALABAMA,SOUTHERN FLOUNDER,6401,88.1,0
FINAL,2013,MARCH/APRIL,LOUISIANA,SOUTHERN FLOUNDER,122256,36.3,0
FINAL,2013,MARCH/APRIL,MISSISSIPPI,SOUTHERN FLOUNDER,2312,63.4,0
FINAL,2013,MAY/JUNE,ALABAMA,SOUTHERN FLOUNDER,18883,39.1,0
FINAL,2013,MAY/JUNE,FLORIDA,SOUTHERN FLOUNDER,2600,91.6,0
FINAL,2013,MAY/JUNE,LOUISIANA,SOUTHERN FLOUNDER,35078,30.7,0
FINAL,2013,MAY/JUNE,MISSISSIPPI,SOUTHERN FLOUNDER,94723,39.5,0
FINAL,2013,JULY/AUGUST,ALABAMA,SOUTHERN FLOUNDER,46978,29.9,0
FINAL,2013,JULY/AUGUST,FLORIDA,SOUTHERN FLOUNDER,5469,73.8,0
FINAL,2013,JULY/AUGUST,LOUISIANA,SOUTHERN FLOUNDER,144935,36.8,0
FINAL,2013,JULY/AUGUST,MISSISSIPPI,SOUTHERN FLOUNDER,95657,29.8,0
FINAL,2013,SEPTEMBER/OCTOBER,ALABAMA,SOUTHERN FLOUNDER,46908,38.4,0
FINAL,2013,SEPTEMBER/OCTOBER,FLORIDA,SOUTHERN FLOUNDER,12419,27.1,0
FINAL,2013,SEPTEMBER/OCTOBER,LOUISIANA,SOUTHERN FLOUNDER,102114,16.5,0
FINAL,2013,SEPTEMBER/OCTOBER,MISSISSIPPI,SOUTHERN FLOUNDER,54938,21.6,0
FINAL,2013,NOVEMBER/DECEMBER,ALABAMA,SOUTHERN FLOUNDER,1794,89.5,0
FINAL,2013,NOVEMBER/DECEMBER,FLORIDA,SOUTHERN FLOUNDER,1757,106,0
FINAL,2013,NOVEMBER/DECEMBER,LOUISIANA,SOUTHERN FLOUNDER,653885,10,0
FINAL,2013,NOVEMBER/DECEMBER,MISSISSIPPI,SOUTHERN FLOUNDER,10225,79.8,0
FINAL,2014,JANUARY/FEBRUARY,ALABAMA,SOUTHERN FLOUNDER,37350,27.4,0
FINAL,2014,JANUARY/FEBRUARY,MISSISSIPPI,SOUTHERN FLOUNDER,1679,88.8,0
FINAL,2014,MARCH/APRIL,ALABAMA,SOUTHERN FLOUNDER,2449,105.3,0
FINAL,2014,MARCH/APRIL,FLORIDA,SOUTHERN FLOUNDER,512,100.8,0
FINAL,2014,MARCH/APRIL,MISSISSIPPI,SOUTHERN FLOUNDER,2420,74.8,0
FINAL,2014,MAY/JUNE,ALABAMA,SOUTHERN FLOUNDER,10881,37.9,0
FINAL,2014,MAY/JUNE,FLORIDA,SOUTHERN FLOUNDER,6686,31.2,0
FINAL,2014,MAY/JUNE,MISSISSIPPI,SOUTHERN FLOUNDER,34533,101.3,0
FINAL,2014,JULY/AUGUST,ALABAMA,SOUTHERN FLOUNDER,7003,45.2,0
FINAL,2014,JULY/AUGUST,FLORIDA,SOUTHERN FLOUNDER,3630,94.3,0
FINAL,2014,JULY/AUGUST,MISSISSIPPI,SOUTHERN FLOUNDER,55883,46.1,0
FINAL,2014,SEPTEMBER/OCTOBER,ALABAMA,SOUTHERN FLOUNDER,15632,49.4,0
FINAL,2014,SEPTEMBER/OCTOBER,FLORIDA,SOUTHERN FLOUNDER,2532,70.2,0
FINAL,2014,SEPTEMBER/OCTOBER,MISSISSIPPI,SOUTHERN FLOUNDER,40004,81.1,0
FINAL,2014,NOVEMBER/DECEMBER,FLORIDA,SOUTHERN FLOUNDER,160,100.5,0
FINAL,2014,NOVEMBER/DECEMBER,MISSISSIPPI,SOUTHERN FLOUNDER,19411,46.6,0
FINAL,2015,JANUARY/FEBRUARY,FLORIDA,SOUTHERN FLOUNDER,53,97.2,0
FINAL,2015,JANUARY/FEBRUARY,MISSISSIPPI,SOUTHERN FLOUNDER,546,90.4,0
FINAL,2015,MARCH/APRIL,ALABAMA,SOUTHERN FLOUNDER,14208,76.4,0
FINAL,2015,MARCH/APRIL,MISSISSIPPI,SOUTHERN FLOUNDER,2721,65.8,0
FINAL,2015,MAY/JUNE,ALABAMA,SOUTHERN FLOUNDER,6002,37,0
FINAL,2015,MAY/JUNE,FLORIDA,SOUTHERN FLOUNDER,999,71.2,0
FINAL,2015,MAY/JUNE,MISSISSIPPI,SOUTHERN FLOUNDER,42842,39.5,0
FINAL,2015,JULY/AUGUST,ALABAMA,SOUTHERN FLOUNDER,31043,32.4,0
FINAL,2015,JULY/AUGUST,FLORIDA,SOUTHERN FLOUNDER,1715,75.9,0
FINAL,2015,JULY/AUGUST,MISSISSIPPI,SOUTHERN FLOUNDER,27155,38.6,0
FINAL,2015,SEPTEMBER/OCTOBER,ALABAMA,SOUTHERN FLOUNDER,32881,46.1,0
FINAL,2015,SEPTEMBER/OCTOBER,FLORIDA,SOUTHERN FLOUNDER,64,102.4,0
FINAL,2015,SEPTEMBER/OCTOBER,MISSISSIPPI,SOUTHERN FLOUNDER,12621,39.4,0
FINAL,2015,NOVEMBER/DECEMBER,ALABAMA,SOUTHERN FLOUNDER,1125,103.4,0
FINAL,2015,NOVEMBER/DECEMBER,FLORIDA,SOUTHERN FLOUNDER,1134,100.8,0
FINAL,2015,NOVEMBER/DECEMBER,MISSISSIPPI,SOUTHERN FLOUNDER,8018,70.7,0
FINAL,2016,JANUARY/FEBRUARY,ALABAMA,SOUTHERN FLOUNDER,5199,104.7,0
FINAL,2016,JANUARY/FEBRUARY,MISSISSIPPI,SOUTHERN FLOUNDER,17838,103.6,0
FINAL,2016,MARCH/APRIL,ALABAMA,SOUTHERN FLOUNDER,4740,77,0
FINAL,2016,MARCH/APRIL,FLORIDA,SOUTHERN FLOUNDER,2537,96.8,0
FINAL,2016,MARCH/APRIL,MISSISSIPPI,SOUTHERN FLOUNDER,15307,49.2,0
FINAL,2016,MAY/JUNE,ALABAMA,SOUTHERN FLOUNDER,38269,53.8,0
FINAL,2016,MAY/JUNE,FLORIDA,SOUTHERN FLOUNDER,8322,59.2,0
FINAL,2016,MAY/JUNE,MISSISSIPPI,SOUTHERN FLOUNDER,35039,42.2,0
FINAL,2016,JULY/AUGUST,ALABAMA,SOUTHERN FLOUNDER,9846,52.1,0
FINAL,2016,JULY/AUGUST,FLORIDA,SOUTHERN FLOUNDER,2207,75.5,0
FINAL,2016,JULY/AUGUST,MISSISSIPPI,SOUTHERN FLOUNDER,53112,33.1,0
FINAL,2016,SEPTEMBER/OCTOBER,ALABAMA,SOUTHERN FLOUNDER,59230,76,0
FINAL,2016,SEPTEMBER/OCTOBER,FLORIDA,SOUTHERN FLOUNDER,1668,69,0
FINAL,2016,SEPTEMBER/OCTOBER,MISSISSIPPI,SOUTHERN FLOUNDER,61295,65.3,0
FINAL,2016,NOVEMBER/DECEMBER,ALABAMA,SOUTHERN FLOUNDER,1081,88.8,0
FINAL,2017,JANUARY/FEBRUARY,ALABAMA,SOUTHERN FLOUNDER,1092,107.7,0
FINAL,2017,MARCH/APRIL,FLORIDA,SOUTHERN FLOUNDER,9618,93,0
FINAL,2017,MARCH/APRIL,MISSISSIPPI,SOUTHERN FLOUNDER,0,.,0
FINAL,2017,MAY/JUNE,ALABAMA,SOUTHERN FLOUNDER,22027,62.4,0
FINAL,2017,MAY/JUNE,FLORIDA,SOUTHERN FLOUNDER,768,73,0
FINAL,2017,MAY/JUNE,MISSISSIPPI,SOUTHERN FLOUNDER,6523,83.2,0
FINAL,2017,JULY/AUGUST,ALABAMA,SOUTHERN FLOUNDER,17961,59.9,0
FINAL,2017,JULY/AUGUST,MISSISSIPPI,SOUTHERN FLOUNDER,14923,42.7,0
FINAL,2017,SEPTEMBER/OCTOBER,ALABAMA,SOUTHERN FLOUNDER,72703,75.4,0
FINAL,2017,SEPTEMBER/OCTOBER,MISSISSIPPI,SOUTHERN FLOUNDER,28000,35.2,0
FINAL,2017,NOVEMBER/DECEMBER,ALABAMA,SOUTHERN FLOUNDER,3213,56.2,0
FINAL,2017,NOVEMBER/DECEMBER,FLORIDA,SOUTHERN FLOUNDER,1332,66.9,0
FINAL,2017,NOVEMBER/DECEMBER,MISSISSIPPI,SOUTHERN FLOUNDER,22922,75.2,0
FINAL,2018,JANUARY/FEBRUARY,MISSISSIPPI,SOUTHERN FLOUNDER,7463,105.3,0
FINAL,2018,MARCH/APRIL,ALABAMA,SOUTHERN FLOUNDER,3183,46.2,0
FINAL,2018,MARCH/APRIL,FLORIDA,SOUTHERN FLOUNDER,2810,77.6,0
FINAL,2018,MARCH/APRIL,MISSISSIPPI,SOUTHERN FLOUNDER,5461,66.8,0
FINAL,2018,MAY/JUNE,ALABAMA,SOUTHERN FLOUNDER,3219,89.4,0
FINAL,2018,MAY/JUNE,FLORIDA,SOUTHERN FLOUNDER,6341,76.8,0
FINAL,2018,MAY/JUNE,MISSISSIPPI,SOUTHERN FLOUNDER,10929,55.7,0
FINAL,2018,JULY/AUGUST,ALABAMA,SOUTHERN FLOUNDER,39650,66.6,0
FINAL,2018,JULY/AUGUST,MISSISSIPPI,SOUTHERN FLOUNDER,3040,63.6,0
FINAL,2018,SEPTEMBER/OCTOBER,ALABAMA,SOUTHERN FLOUNDER,12178,49.3,0
FINAL,2018,SEPTEMBER/OCTOBER,FLORIDA,SOUTHERN FLOUNDER,1383,45.5,0
FINAL,2018,SEPTEMBER/OCTOBER,MISSISSIPPI,SOUTHERN FLOUNDER,25488,52.9,0
FINAL,2018,NOVEMBER/DECEMBER,ALABAMA,SOUTHERN FLOUNDER,0,.,0
FINAL,2018,NOVEMBER/DECEMBER,MISSISSIPPI,SOUTHERN FLOUNDER,20820,58.9,0
FINAL,2019,JANUARY/FEBRUARY,MISSISSIPPI,SOUTHERN FLOUNDER,2678,70.4,0
FINAL,2019,MARCH/APRIL,ALABAMA,SOUTHERN FLOUNDER,1540,56.9,0
FINAL,2019,MARCH/APRIL,FLORIDA,SOUTHERN FLOUNDER,11549,92.2,0
FINAL,2019,MARCH/APRIL,MISSISSIPPI,SOUTHERN FLOUNDER,6725,38.1,0
FINAL,2019,MAY/JUNE,ALABAMA,SOUTHERN FLOUNDER,12486,48.6,0
FINAL,2019,MAY/JUNE,FLORIDA,SOUTHERN FLOUNDER,8945,52.6,0
FINAL,2019,MAY/JUNE,MISSISSIPPI,SOUTHERN FLOUNDER,34376,44.4,0
FINAL,2019,JULY/AUGUST,ALABAMA,SOUTHERN FLOUNDER,1289,74.3,0
FINAL,2019,JULY/AUGUST,FLORIDA,SOUTHERN FLOUNDER,27361,102.4,0
FINAL,2019,JULY/AUGUST,MISSISSIPPI,SOUTHERN FLOUNDER,72782,73.7,0
FINAL,2019,SEPTEMBER/OCTOBER,ALABAMA,SOUTHERN FLOUNDER,6575,55.4,0
FINAL,2019,SEPTEMBER/OCTOBER,FLORIDA,SOUTHERN FLOUNDER,8402,30.7,0
FINAL,2019,SEPTEMBER/OCTOBER,MISSISSIPPI,SOUTHERN FLOUNDER,14023,46.6,0
FINAL,2019,NOVEMBER/DECEMBER,ALABAMA,SOUTHERN FLOUNDER,0,.,0
FINAL,2019,NOVEMBER/DECEMBER,FLORIDA,SOUTHERN FLOUNDER,7160,69.1,0
FINAL,2019,NOVEMBER/DECEMBER,MISSISSIPPI,SOUTHERN FLOUNDER,3905,57.8,0
PRELIMINARY,2020,JANUARY/FEBRUARY,MISSISSIPPI,SOUTHERN FLOUNDER,139,110,0
