Estimate Status,Year,Wave,State,Common Name,Total Harvest (A+B1),PSE
FINAL,1990,JANUARY/FEBRUARY,FLORIDA,SOUTHERN FLOUNDER,11727,92.7
FINAL,1990,JANUARY/FEBRUARY,LOUISIANA,SOUTHERN FLOUNDER,49197,56.6
FINAL,1990,MARCH/APRIL,ALABAMA,SOUTHERN FLOUNDER,11516,89.1
FINAL,1990,MARCH/APRIL,FLORIDA,SOUTHERN FLOUNDER,0,.
FINAL,1990,MARCH/APRIL,LOUISIANA,SOUTHERN FLOUNDER,25018,48.1
FINAL,1990,MARCH/APRIL,MISSISSIPPI,SOUTHERN FLOUNDER,23455,43.6
FINAL,1990,MAY/JUNE,ALABAMA,SOUTHERN FLOUNDER,51671,56.6
FINAL,1990,MAY/JUNE,FLORIDA,SOUTHERN FLOUNDER,69141,51.3
FINAL,1990,MAY/JUNE,LOUISIANA,SOUTHERN FLOUNDER,133871,38.9
FINAL,1990,MAY/JUNE,MISSISSIPPI,SOUTHERN FLOUNDER,65464,65.2
FINAL,1990,JULY/AUGUST,ALABAMA,SOUTHERN FLOUNDER,87618,47.3
FINAL,1990,JULY/AUGUST,FLORIDA,SOUTHERN FLOUNDER,4754,94.4
FINAL,1990,JULY/AUGUST,LOUISIANA,SOUTHERN FLOUNDER,401598,43.1
FINAL,1990,JULY/AUGUST,MISSISSIPPI,SOUTHERN FLOUNDER,43799,40.3
FINAL,1990,SEPTEMBER/OCTOBER,ALABAMA,SOUTHERN FLOUNDER,30785,68
FINAL,1990,SEPTEMBER/OCTOBER,FLORIDA,SOUTHERN FLOUNDER,3023,91.2
FINAL,1990,SEPTEMBER/OCTOBER,LOUISIANA,SOUTHERN FLOUNDER,148048,33.6
FINAL,1990,SEPTEMBER/OCTOBER,MISSISSIPPI,SOUTHERN FLOUNDER,60560,70.8
FINAL,1990,NOVEMBER/DECEMBER,ALABAMA,SOUTHERN FLOUNDER,14796,68.1
FINAL,1990,NOVEMBER/DECEMBER,FLORIDA,SOUTHERN FLOUNDER,4531,96
FINAL,1990,NOVEMBER/DECEMBER,LOUISIANA,SOUTHERN FLOUNDER,289330,20.7
FINAL,1990,NOVEMBER/DECEMBER,MISSISSIPPI,SOUTHERN FLOUNDER,43026,41.7
FINAL,1991,JANUARY/FEBRUARY,ALABAMA,SOUTHERN FLOUNDER,1237,86.6
FINAL,1991,JANUARY/FEBRUARY,FLORIDA,SOUTHERN FLOUNDER,5835,73
FINAL,1991,JANUARY/FEBRUARY,LOUISIANA,SOUTHERN FLOUNDER,203893,21.6
FINAL,1991,JANUARY/FEBRUARY,MISSISSIPPI,SOUTHERN FLOUNDER,4759,29
FINAL,1991,MARCH/APRIL,ALABAMA,SOUTHERN FLOUNDER,31488,100
FINAL,1991,MARCH/APRIL,LOUISIANA,SOUTHERN FLOUNDER,407001,34.1
FINAL,1991,MARCH/APRIL,MISSISSIPPI,SOUTHERN FLOUNDER,45898,44.9
FINAL,1991,MAY/JUNE,ALABAMA,SOUTHERN FLOUNDER,69520,34.4
FINAL,1991,MAY/JUNE,FLORIDA,SOUTHERN FLOUNDER,13411,76.8
FINAL,1991,MAY/JUNE,LOUISIANA,SOUTHERN FLOUNDER,177721,47.9
FINAL,1991,MAY/JUNE,MISSISSIPPI,SOUTHERN FLOUNDER,361349,39.1
FINAL,1991,JULY/AUGUST,ALABAMA,SOUTHERN FLOUNDER,21699,53.1
FINAL,1991,JULY/AUGUST,FLORIDA,SOUTHERN FLOUNDER,9743,97.8
FINAL,1991,JULY/AUGUST,LOUISIANA,SOUTHERN FLOUNDER,170583,38.1
FINAL,1991,JULY/AUGUST,MISSISSIPPI,SOUTHERN FLOUNDER,138106,27.7
FINAL,1991,SEPTEMBER/OCTOBER,ALABAMA,SOUTHERN FLOUNDER,14715,54.2
FINAL,1991,SEPTEMBER/OCTOBER,FLORIDA,SOUTHERN FLOUNDER,12871,72.9
FINAL,1991,SEPTEMBER/OCTOBER,LOUISIANA,SOUTHERN FLOUNDER,199609,29.8
FINAL,1991,SEPTEMBER/OCTOBER,MISSISSIPPI,SOUTHERN FLOUNDER,22157,59.9
FINAL,1991,NOVEMBER/DECEMBER,ALABAMA,SOUTHERN FLOUNDER,4300,54.5
FINAL,1991,NOVEMBER/DECEMBER,FLORIDA,SOUTHERN FLOUNDER,302602,64.6
FINAL,1991,NOVEMBER/DECEMBER,LOUISIANA,SOUTHERN FLOUNDER,156612,36.1
FINAL,1991,NOVEMBER/DECEMBER,MISSISSIPPI,SOUTHERN FLOUNDER,16200,33.3
FINAL,1992,JANUARY/FEBRUARY,ALABAMA,SOUTHERN FLOUNDER,18369,85.7
FINAL,1992,JANUARY/FEBRUARY,FLORIDA,SOUTHERN FLOUNDER,0,.
FINAL,1992,JANUARY/FEBRUARY,LOUISIANA,SOUTHERN FLOUNDER,127143,45.2
FINAL,1992,JANUARY/FEBRUARY,MISSISSIPPI,SOUTHERN FLOUNDER,2357,101.3
FINAL,1992,MARCH/APRIL,ALABAMA,SOUTHERN FLOUNDER,2598,76.2
FINAL,1992,MARCH/APRIL,FLORIDA,SOUTHERN FLOUNDER,8352,47.4
FINAL,1992,MARCH/APRIL,LOUISIANA,SOUTHERN FLOUNDER,73678,24.8
FINAL,1992,MARCH/APRIL,MISSISSIPPI,SOUTHERN FLOUNDER,49851,30.7
FINAL,1992,MAY/JUNE,ALABAMA,SOUTHERN FLOUNDER,61281,61.5
FINAL,1992,MAY/JUNE,FLORIDA,SOUTHERN FLOUNDER,6896,42.3
FINAL,1992,MAY/JUNE,LOUISIANA,SOUTHERN FLOUNDER,148202,18.1
FINAL,1992,MAY/JUNE,MISSISSIPPI,SOUTHERN FLOUNDER,86833,46.6
FINAL,1992,JULY/AUGUST,ALABAMA,SOUTHERN FLOUNDER,24311,59.3
FINAL,1992,JULY/AUGUST,LOUISIANA,SOUTHERN FLOUNDER,178810,27.9
FINAL,1992,JULY/AUGUST,MISSISSIPPI,SOUTHERN FLOUNDER,43162,39
FINAL,1992,SEPTEMBER/OCTOBER,ALABAMA,SOUTHERN FLOUNDER,49094,35.2
FINAL,1992,SEPTEMBER/OCTOBER,FLORIDA,SOUTHERN FLOUNDER,13665,53.3
FINAL,1992,SEPTEMBER/OCTOBER,LOUISIANA,SOUTHERN FLOUNDER,143981,18.9
FINAL,1992,SEPTEMBER/OCTOBER,MISSISSIPPI,SOUTHERN FLOUNDER,49963,34.5
FINAL,1992,NOVEMBER/DECEMBER,ALABAMA,SOUTHERN FLOUNDER,15798,60.9
FINAL,1992,NOVEMBER/DECEMBER,FLORIDA,SOUTHERN FLOUNDER,6928,59
FINAL,1992,NOVEMBER/DECEMBER,LOUISIANA,SOUTHERN FLOUNDER,146076,44.8
FINAL,1992,NOVEMBER/DECEMBER,MISSISSIPPI,SOUTHERN FLOUNDER,33638,37.1
FINAL,1993,JANUARY/FEBRUARY,ALABAMA,SOUTHERN FLOUNDER,2584,90.9
FINAL,1993,JANUARY/FEBRUARY,LOUISIANA,SOUTHERN FLOUNDER,49882,60.1
FINAL,1993,JANUARY/FEBRUARY,MISSISSIPPI,SOUTHERN FLOUNDER,26448,95.4
FINAL,1993,MARCH/APRIL,ALABAMA,SOUTHERN FLOUNDER,5811,59
FINAL,1993,MARCH/APRIL,FLORIDA,SOUTHERN FLOUNDER,14594,64.6
FINAL,1993,MARCH/APRIL,LOUISIANA,SOUTHERN FLOUNDER,81730,35.3
FINAL,1993,MARCH/APRIL,MISSISSIPPI,SOUTHERN FLOUNDER,31871,49.8
FINAL,1993,MAY/JUNE,ALABAMA,SOUTHERN FLOUNDER,130493,60.2
FINAL,1993,MAY/JUNE,FLORIDA,SOUTHERN FLOUNDER,4535,69.9
FINAL,1993,MAY/JUNE,LOUISIANA,SOUTHERN FLOUNDER,133010,20.7
FINAL,1993,MAY/JUNE,MISSISSIPPI,SOUTHERN FLOUNDER,52020,33.1
FINAL,1993,JULY/AUGUST,ALABAMA,SOUTHERN FLOUNDER,144464,55
FINAL,1993,JULY/AUGUST,FLORIDA,SOUTHERN FLOUNDER,3742,71.1
FINAL,1993,JULY/AUGUST,LOUISIANA,SOUTHERN FLOUNDER,81261,28.2
FINAL,1993,JULY/AUGUST,MISSISSIPPI,SOUTHERN FLOUNDER,52774,63.4
FINAL,1993,SEPTEMBER/OCTOBER,ALABAMA,SOUTHERN FLOUNDER,23121,49.1
FINAL,1993,SEPTEMBER/OCTOBER,FLORIDA,SOUTHERN FLOUNDER,14592,61.2
FINAL,1993,SEPTEMBER/OCTOBER,LOUISIANA,SOUTHERN FLOUNDER,167924,30
FINAL,1993,SEPTEMBER/OCTOBER,MISSISSIPPI,SOUTHERN FLOUNDER,7480,43.7
FINAL,1993,NOVEMBER/DECEMBER,ALABAMA,SOUTHERN FLOUNDER,5965,45.4
FINAL,1993,NOVEMBER/DECEMBER,FLORIDA,SOUTHERN FLOUNDER,336029,90
FINAL,1993,NOVEMBER/DECEMBER,LOUISIANA,SOUTHERN FLOUNDER,142751,36.8
FINAL,1993,NOVEMBER/DECEMBER,MISSISSIPPI,SOUTHERN FLOUNDER,18883,52.3
FINAL,1994,JANUARY/FEBRUARY,LOUISIANA,SOUTHERN FLOUNDER,110805,51.6
FINAL,1994,JANUARY/FEBRUARY,MISSISSIPPI,SOUTHERN FLOUNDER,5526,51.4
FINAL,1994,MARCH/APRIL,FLORIDA,SOUTHERN FLOUNDER,9471,71.8
FINAL,1994,MARCH/APRIL,LOUISIANA,SOUTHERN FLOUNDER,211114,51.3
FINAL,1994,MARCH/APRIL,MISSISSIPPI,SOUTHERN FLOUNDER,14307,46.4
FINAL,1994,MAY/JUNE,ALABAMA,SOUTHERN FLOUNDER,94024,69.9
FINAL,1994,MAY/JUNE,FLORIDA,SOUTHERN FLOUNDER,1098,98.9
FINAL,1994,MAY/JUNE,LOUISIANA,SOUTHERN FLOUNDER,164730,24.9
FINAL,1994,MAY/JUNE,MISSISSIPPI,SOUTHERN FLOUNDER,120633,46.6
FINAL,1994,JULY/AUGUST,ALABAMA,SOUTHERN FLOUNDER,60737,37.1
FINAL,1994,JULY/AUGUST,FLORIDA,SOUTHERN FLOUNDER,5557,51.7
FINAL,1994,JULY/AUGUST,LOUISIANA,SOUTHERN FLOUNDER,157688,23.8
FINAL,1994,JULY/AUGUST,MISSISSIPPI,SOUTHERN FLOUNDER,29384,43.5
FINAL,1994,SEPTEMBER/OCTOBER,ALABAMA,SOUTHERN FLOUNDER,15884,57.1
FINAL,1994,SEPTEMBER/OCTOBER,FLORIDA,SOUTHERN FLOUNDER,1790,101.5
FINAL,1994,SEPTEMBER/OCTOBER,LOUISIANA,SOUTHERN FLOUNDER,103616,20.5
FINAL,1994,SEPTEMBER/OCTOBER,MISSISSIPPI,SOUTHERN FLOUNDER,46362,30
FINAL,1994,NOVEMBER/DECEMBER,ALABAMA,SOUTHERN FLOUNDER,15387,87.2
FINAL,1994,NOVEMBER/DECEMBER,FLORIDA,SOUTHERN FLOUNDER,17804,62.3
FINAL,1994,NOVEMBER/DECEMBER,LOUISIANA,SOUTHERN FLOUNDER,78636,20.2
FINAL,1994,NOVEMBER/DECEMBER,MISSISSIPPI,SOUTHERN FLOUNDER,29282,22.7
FINAL,1995,JANUARY/FEBRUARY,ALABAMA,SOUTHERN FLOUNDER,8237,94.3
FINAL,1995,JANUARY/FEBRUARY,FLORIDA,SOUTHERN FLOUNDER,0,.
FINAL,1995,JANUARY/FEBRUARY,LOUISIANA,SOUTHERN FLOUNDER,39508,24.7
FINAL,1995,JANUARY/FEBRUARY,MISSISSIPPI,SOUTHERN FLOUNDER,18508,35.7
FINAL,1995,MARCH/APRIL,ALABAMA,SOUTHERN FLOUNDER,24545,48
FINAL,1995,MARCH/APRIL,FLORIDA,SOUTHERN FLOUNDER,1169,100.9
FINAL,1995,MARCH/APRIL,LOUISIANA,SOUTHERN FLOUNDER,54072,38.1
FINAL,1995,MARCH/APRIL,MISSISSIPPI,SOUTHERN FLOUNDER,18555,62
FINAL,1995,MAY/JUNE,ALABAMA,SOUTHERN FLOUNDER,87370,36.3
FINAL,1995,MAY/JUNE,FLORIDA,SOUTHERN FLOUNDER,30335,64.9
FINAL,1995,MAY/JUNE,LOUISIANA,SOUTHERN FLOUNDER,147752,28.5
FINAL,1995,MAY/JUNE,MISSISSIPPI,SOUTHERN FLOUNDER,342327,24.7
FINAL,1995,JULY/AUGUST,ALABAMA,SOUTHERN FLOUNDER,23519,67.5
FINAL,1995,JULY/AUGUST,FLORIDA,SOUTHERN FLOUNDER,6847,61.5
FINAL,1995,JULY/AUGUST,LOUISIANA,SOUTHERN FLOUNDER,37721,26.4
FINAL,1995,JULY/AUGUST,MISSISSIPPI,SOUTHERN FLOUNDER,88255,36.9
FINAL,1995,SEPTEMBER/OCTOBER,ALABAMA,SOUTHERN FLOUNDER,73256,56.2
FINAL,1995,SEPTEMBER/OCTOBER,FLORIDA,SOUTHERN FLOUNDER,890,100.7
FINAL,1995,SEPTEMBER/OCTOBER,LOUISIANA,SOUTHERN FLOUNDER,103772,19.8
FINAL,1995,SEPTEMBER/OCTOBER,MISSISSIPPI,SOUTHERN FLOUNDER,82300,25.9
FINAL,1995,NOVEMBER/DECEMBER,ALABAMA,SOUTHERN FLOUNDER,30307,62.6
FINAL,1995,NOVEMBER/DECEMBER,FLORIDA,SOUTHERN FLOUNDER,6288,71.7
FINAL,1995,NOVEMBER/DECEMBER,LOUISIANA,SOUTHERN FLOUNDER,83370,30.7
FINAL,1995,NOVEMBER/DECEMBER,MISSISSIPPI,SOUTHERN FLOUNDER,5816,73.2
FINAL,1996,JANUARY/FEBRUARY,ALABAMA,SOUTHERN FLOUNDER,19292,69.5
FINAL,1996,JANUARY/FEBRUARY,LOUISIANA,SOUTHERN FLOUNDER,26142,46.7
FINAL,1996,JANUARY/FEBRUARY,MISSISSIPPI,SOUTHERN FLOUNDER,1779,81
FINAL,1996,MARCH/APRIL,LOUISIANA,SOUTHERN FLOUNDER,51482,28.9
FINAL,1996,MARCH/APRIL,MISSISSIPPI,SOUTHERN FLOUNDER,24215,32.9
FINAL,1996,MAY/JUNE,ALABAMA,SOUTHERN FLOUNDER,31139,86.2
FINAL,1996,MAY/JUNE,FLORIDA,SOUTHERN FLOUNDER,48223,82.9
FINAL,1996,MAY/JUNE,LOUISIANA,SOUTHERN FLOUNDER,120915,22.9
FINAL,1996,MAY/JUNE,MISSISSIPPI,SOUTHERN FLOUNDER,485584,51.6
FINAL,1996,JULY/AUGUST,ALABAMA,SOUTHERN FLOUNDER,13809,60.5
FINAL,1996,JULY/AUGUST,FLORIDA,SOUTHERN FLOUNDER,10159,62
FINAL,1996,JULY/AUGUST,LOUISIANA,SOUTHERN FLOUNDER,126573,18.3
FINAL,1996,JULY/AUGUST,MISSISSIPPI,SOUTHERN FLOUNDER,177561,36
FINAL,1996,SEPTEMBER/OCTOBER,ALABAMA,SOUTHERN FLOUNDER,11259,56.7
FINAL,1996,SEPTEMBER/OCTOBER,FLORIDA,SOUTHERN FLOUNDER,38234,39.8
FINAL,1996,SEPTEMBER/OCTOBER,LOUISIANA,SOUTHERN FLOUNDER,176158,24.9
FINAL,1996,SEPTEMBER/OCTOBER,MISSISSIPPI,SOUTHERN FLOUNDER,98323,49
FINAL,1996,NOVEMBER/DECEMBER,ALABAMA,SOUTHERN FLOUNDER,1288,100.1
FINAL,1996,NOVEMBER/DECEMBER,FLORIDA,SOUTHERN FLOUNDER,8571,86.6
FINAL,1996,NOVEMBER/DECEMBER,LOUISIANA,SOUTHERN FLOUNDER,64682,32.3
FINAL,1996,NOVEMBER/DECEMBER,MISSISSIPPI,SOUTHERN FLOUNDER,64423,78.4
FINAL,1997,JANUARY/FEBRUARY,ALABAMA,SOUTHERN FLOUNDER,13786,100.2
FINAL,1997,JANUARY/FEBRUARY,FLORIDA,SOUTHERN FLOUNDER,2969,99.1
FINAL,1997,JANUARY/FEBRUARY,LOUISIANA,SOUTHERN FLOUNDER,11228,52.2
FINAL,1997,JANUARY/FEBRUARY,MISSISSIPPI,SOUTHERN FLOUNDER,11826,38.9
FINAL,1997,MARCH/APRIL,ALABAMA,SOUTHERN FLOUNDER,23647,50
FINAL,1997,MARCH/APRIL,FLORIDA,SOUTHERN FLOUNDER,6846,72.3
FINAL,1997,MARCH/APRIL,LOUISIANA,SOUTHERN FLOUNDER,79439,33.2
FINAL,1997,MARCH/APRIL,MISSISSIPPI,SOUTHERN FLOUNDER,87310,49.8
FINAL,1997,MAY/JUNE,ALABAMA,SOUTHERN FLOUNDER,40874,76.1
FINAL,1997,MAY/JUNE,FLORIDA,SOUTHERN FLOUNDER,4987,46.6
FINAL,1997,MAY/JUNE,LOUISIANA,SOUTHERN FLOUNDER,146306,27.9
FINAL,1997,MAY/JUNE,MISSISSIPPI,SOUTHERN FLOUNDER,72797,45.9
FINAL,1997,JULY/AUGUST,ALABAMA,SOUTHERN FLOUNDER,46511,54
FINAL,1997,JULY/AUGUST,FLORIDA,SOUTHERN FLOUNDER,12868,78.5
FINAL,1997,JULY/AUGUST,LOUISIANA,SOUTHERN FLOUNDER,139397,18
FINAL,1997,JULY/AUGUST,MISSISSIPPI,SOUTHERN FLOUNDER,138399,48.1
FINAL,1997,SEPTEMBER/OCTOBER,ALABAMA,SOUTHERN FLOUNDER,13285,66.4
FINAL,1997,SEPTEMBER/OCTOBER,FLORIDA,SOUTHERN FLOUNDER,40854,46.5
FINAL,1997,SEPTEMBER/OCTOBER,LOUISIANA,SOUTHERN FLOUNDER,104628,22.8
FINAL,1997,SEPTEMBER/OCTOBER,MISSISSIPPI,SOUTHERN FLOUNDER,37881,27.3
FINAL,1997,NOVEMBER/DECEMBER,ALABAMA,SOUTHERN FLOUNDER,32975,41.1
FINAL,1997,NOVEMBER/DECEMBER,FLORIDA,SOUTHERN FLOUNDER,4187,70.3
FINAL,1997,NOVEMBER/DECEMBER,LOUISIANA,SOUTHERN FLOUNDER,295086,22
FINAL,1997,NOVEMBER/DECEMBER,MISSISSIPPI,SOUTHERN FLOUNDER,50909,42.8
FINAL,1998,JANUARY/FEBRUARY,FLORIDA,SOUTHERN FLOUNDER,0,.
FINAL,1998,JANUARY/FEBRUARY,LOUISIANA,SOUTHERN FLOUNDER,25277,50
FINAL,1998,JANUARY/FEBRUARY,MISSISSIPPI,SOUTHERN FLOUNDER,6827,70.3
FINAL,1998,MARCH/APRIL,ALABAMA,SOUTHERN FLOUNDER,59270,39.9
FINAL,1998,MARCH/APRIL,LOUISIANA,SOUTHERN FLOUNDER,76630,39.5
FINAL,1998,MARCH/APRIL,MISSISSIPPI,SOUTHERN FLOUNDER,68803,35.9
FINAL,1998,MAY/JUNE,ALABAMA,SOUTHERN FLOUNDER,54480,49.8
FINAL,1998,MAY/JUNE,FLORIDA,SOUTHERN FLOUNDER,14042,68
FINAL,1998,MAY/JUNE,LOUISIANA,SOUTHERN FLOUNDER,181400,22.9
FINAL,1998,MAY/JUNE,MISSISSIPPI,SOUTHERN FLOUNDER,82516,39.1
FINAL,1998,JULY/AUGUST,ALABAMA,SOUTHERN FLOUNDER,17419,53.3
FINAL,1998,JULY/AUGUST,FLORIDA,SOUTHERN FLOUNDER,8649,64.6
FINAL,1998,JULY/AUGUST,LOUISIANA,SOUTHERN FLOUNDER,98046,22.7
FINAL,1998,JULY/AUGUST,MISSISSIPPI,SOUTHERN FLOUNDER,78265,52.3
FINAL,1998,SEPTEMBER/OCTOBER,ALABAMA,SOUTHERN FLOUNDER,69038,84.2
FINAL,1998,SEPTEMBER/OCTOBER,FLORIDA,SOUTHERN FLOUNDER,11307,57.9
FINAL,1998,SEPTEMBER/OCTOBER,LOUISIANA,SOUTHERN FLOUNDER,64714,27.4
FINAL,1998,SEPTEMBER/OCTOBER,MISSISSIPPI,SOUTHERN FLOUNDER,75980,28.1
FINAL,1998,NOVEMBER/DECEMBER,ALABAMA,SOUTHERN FLOUNDER,7511,46
FINAL,1998,NOVEMBER/DECEMBER,FLORIDA,SOUTHERN FLOUNDER,6909,52.9
FINAL,1998,NOVEMBER/DECEMBER,LOUISIANA,SOUTHERN FLOUNDER,91687,24.5
FINAL,1998,NOVEMBER/DECEMBER,MISSISSIPPI,SOUTHERN FLOUNDER,50892,26.3
FINAL,1999,JANUARY/FEBRUARY,ALABAMA,SOUTHERN FLOUNDER,19991,52.4
FINAL,1999,JANUARY/FEBRUARY,FLORIDA,SOUTHERN FLOUNDER,3923,59
FINAL,1999,JANUARY/FEBRUARY,LOUISIANA,SOUTHERN FLOUNDER,186453,52.6
FINAL,1999,JANUARY/FEBRUARY,MISSISSIPPI,SOUTHERN FLOUNDER,19201,36.6
FINAL,1999,MARCH/APRIL,ALABAMA,SOUTHERN FLOUNDER,26782,52
FINAL,1999,MARCH/APRIL,FLORIDA,SOUTHERN FLOUNDER,23281,66.5
FINAL,1999,MARCH/APRIL,LOUISIANA,SOUTHERN FLOUNDER,200772,19.5
FINAL,1999,MARCH/APRIL,MISSISSIPPI,SOUTHERN FLOUNDER,74578,29.6
FINAL,1999,MAY/JUNE,ALABAMA,SOUTHERN FLOUNDER,46874,56.8
FINAL,1999,MAY/JUNE,FLORIDA,SOUTHERN FLOUNDER,3744,95.1
FINAL,1999,MAY/JUNE,LOUISIANA,SOUTHERN FLOUNDER,245306,32.9
FINAL,1999,MAY/JUNE,MISSISSIPPI,SOUTHERN FLOUNDER,182117,38.2
FINAL,1999,JULY/AUGUST,ALABAMA,SOUTHERN FLOUNDER,118288,40.9
FINAL,1999,JULY/AUGUST,FLORIDA,SOUTHERN FLOUNDER,2904,79.6
FINAL,1999,JULY/AUGUST,LOUISIANA,SOUTHERN FLOUNDER,213393,21.9
FINAL,1999,JULY/AUGUST,MISSISSIPPI,SOUTHERN FLOUNDER,450347,58.2
FINAL,1999,SEPTEMBER/OCTOBER,ALABAMA,SOUTHERN FLOUNDER,106263,38.3
FINAL,1999,SEPTEMBER/OCTOBER,FLORIDA,SOUTHERN FLOUNDER,4353,99.3
FINAL,1999,SEPTEMBER/OCTOBER,LOUISIANA,SOUTHERN FLOUNDER,135469,19.2
FINAL,1999,SEPTEMBER/OCTOBER,MISSISSIPPI,SOUTHERN FLOUNDER,38807,30.3
FINAL,1999,NOVEMBER/DECEMBER,ALABAMA,SOUTHERN FLOUNDER,4753,59.4
FINAL,1999,NOVEMBER/DECEMBER,FLORIDA,SOUTHERN FLOUNDER,75,97.5
FINAL,1999,NOVEMBER/DECEMBER,LOUISIANA,SOUTHERN FLOUNDER,441524,39.3
FINAL,1999,NOVEMBER/DECEMBER,MISSISSIPPI,SOUTHERN FLOUNDER,25018,35.9
FINAL,2000,JANUARY/FEBRUARY,ALABAMA,SOUTHERN FLOUNDER,32967,49.6
FINAL,2000,JANUARY/FEBRUARY,LOUISIANA,SOUTHERN FLOUNDER,43608,27.2
FINAL,2000,JANUARY/FEBRUARY,MISSISSIPPI,SOUTHERN FLOUNDER,15568,33.8
FINAL,2000,MARCH/APRIL,ALABAMA,SOUTHERN FLOUNDER,24684,52.5
FINAL,2000,MARCH/APRIL,FLORIDA,SOUTHERN FLOUNDER,152,44.7
FINAL,2000,MARCH/APRIL,LOUISIANA,SOUTHERN FLOUNDER,174943,35.7
FINAL,2000,MARCH/APRIL,MISSISSIPPI,SOUTHERN FLOUNDER,22192,35.2
FINAL,2000,MAY/JUNE,ALABAMA,SOUTHERN FLOUNDER,85481,59.6
FINAL,2000,MAY/JUNE,FLORIDA,SOUTHERN FLOUNDER,14939,55.6
FINAL,2000,MAY/JUNE,LOUISIANA,SOUTHERN FLOUNDER,168601,22.9
FINAL,2000,MAY/JUNE,MISSISSIPPI,SOUTHERN FLOUNDER,78507,37.8
FINAL,2000,JULY/AUGUST,ALABAMA,SOUTHERN FLOUNDER,30525,31.6
FINAL,2000,JULY/AUGUST,FLORIDA,SOUTHERN FLOUNDER,11074,69.5
FINAL,2000,JULY/AUGUST,LOUISIANA,SOUTHERN FLOUNDER,132926,25
FINAL,2000,JULY/AUGUST,MISSISSIPPI,SOUTHERN FLOUNDER,81093,57
FINAL,2000,SEPTEMBER/OCTOBER,ALABAMA,SOUTHERN FLOUNDER,25453,41.5
FINAL,2000,SEPTEMBER/OCTOBER,FLORIDA,SOUTHERN FLOUNDER,6200,75
FINAL,2000,SEPTEMBER/OCTOBER,LOUISIANA,SOUTHERN FLOUNDER,224297,29.4
FINAL,2000,SEPTEMBER/OCTOBER,MISSISSIPPI,SOUTHERN FLOUNDER,46790,34.2
FINAL,2000,NOVEMBER/DECEMBER,ALABAMA,SOUTHERN FLOUNDER,63205,73.3
FINAL,2000,NOVEMBER/DECEMBER,FLORIDA,SOUTHERN FLOUNDER,19915,74.7
FINAL,2000,NOVEMBER/DECEMBER,LOUISIANA,SOUTHERN FLOUNDER,74944,26.5
FINAL,2000,NOVEMBER/DECEMBER,MISSISSIPPI,SOUTHERN FLOUNDER,13335,47.8
FINAL,2001,JANUARY/FEBRUARY,ALABAMA,SOUTHERN FLOUNDER,17672,53.1
FINAL,2001,JANUARY/FEBRUARY,FLORIDA,SOUTHERN FLOUNDER,7677,68.2
FINAL,2001,JANUARY/FEBRUARY,LOUISIANA,SOUTHERN FLOUNDER,14462,53.8
FINAL,2001,JANUARY/FEBRUARY,MISSISSIPPI,SOUTHERN FLOUNDER,11630,63.6
FINAL,2001,MARCH/APRIL,ALABAMA,SOUTHERN FLOUNDER,42208,46.1
FINAL,2001,MARCH/APRIL,FLORIDA,SOUTHERN FLOUNDER,16231,58.9
FINAL,2001,MARCH/APRIL,LOUISIANA,SOUTHERN FLOUNDER,262465,77.6
FINAL,2001,MARCH/APRIL,MISSISSIPPI,SOUTHERN FLOUNDER,51130,65.4
FINAL,2001,MAY/JUNE,ALABAMA,SOUTHERN FLOUNDER,82849,55.6
FINAL,2001,MAY/JUNE,FLORIDA,SOUTHERN FLOUNDER,7463,55.9
FINAL,2001,MAY/JUNE,LOUISIANA,SOUTHERN FLOUNDER,154479,27.1
FINAL,2001,MAY/JUNE,MISSISSIPPI,SOUTHERN FLOUNDER,168701,27.5
FINAL,2001,JULY/AUGUST,ALABAMA,SOUTHERN FLOUNDER,46507,58
FINAL,2001,JULY/AUGUST,FLORIDA,SOUTHERN FLOUNDER,21599,87.2
FINAL,2001,JULY/AUGUST,LOUISIANA,SOUTHERN FLOUNDER,154314,21.8
FINAL,2001,JULY/AUGUST,MISSISSIPPI,SOUTHERN FLOUNDER,229674,30.5
FINAL,2001,SEPTEMBER/OCTOBER,ALABAMA,SOUTHERN FLOUNDER,17911,37.1
FINAL,2001,SEPTEMBER/OCTOBER,FLORIDA,SOUTHERN FLOUNDER,6787,57.7
FINAL,2001,SEPTEMBER/OCTOBER,LOUISIANA,SOUTHERN FLOUNDER,105370,17.7
FINAL,2001,SEPTEMBER/OCTOBER,MISSISSIPPI,SOUTHERN FLOUNDER,95952,56.8
FINAL,2001,NOVEMBER/DECEMBER,ALABAMA,SOUTHERN FLOUNDER,182466,58.3
FINAL,2001,NOVEMBER/DECEMBER,FLORIDA,SOUTHERN FLOUNDER,988,98.6
FINAL,2001,NOVEMBER/DECEMBER,LOUISIANA,SOUTHERN FLOUNDER,60254,29
FINAL,2001,NOVEMBER/DECEMBER,MISSISSIPPI,SOUTHERN FLOUNDER,52900,37.9
FINAL,2002,JANUARY/FEBRUARY,ALABAMA,SOUTHERN FLOUNDER,47797,69.5
FINAL,2002,JANUARY/FEBRUARY,LOUISIANA,SOUTHERN FLOUNDER,47816,49.4
FINAL,2002,JANUARY/FEBRUARY,MISSISSIPPI,SOUTHERN FLOUNDER,21728,19.9
FINAL,2002,MARCH/APRIL,ALABAMA,SOUTHERN FLOUNDER,12690,63.2
FINAL,2002,MARCH/APRIL,FLORIDA,SOUTHERN FLOUNDER,1530,99.8
FINAL,2002,MARCH/APRIL,LOUISIANA,SOUTHERN FLOUNDER,87207,44.7
FINAL,2002,MARCH/APRIL,MISSISSIPPI,SOUTHERN FLOUNDER,84402,41.1
FINAL,2002,MAY/JUNE,ALABAMA,SOUTHERN FLOUNDER,36643,51
FINAL,2002,MAY/JUNE,FLORIDA,SOUTHERN FLOUNDER,22438,77.7
FINAL,2002,MAY/JUNE,LOUISIANA,SOUTHERN FLOUNDER,291696,33.5
FINAL,2002,MAY/JUNE,MISSISSIPPI,SOUTHERN FLOUNDER,145038,38.3
FINAL,2002,JULY/AUGUST,ALABAMA,SOUTHERN FLOUNDER,92891,46.3
FINAL,2002,JULY/AUGUST,FLORIDA,SOUTHERN FLOUNDER,6734,60.4
FINAL,2002,JULY/AUGUST,LOUISIANA,SOUTHERN FLOUNDER,181814,36.7
FINAL,2002,JULY/AUGUST,MISSISSIPPI,SOUTHERN FLOUNDER,90409,25
FINAL,2002,SEPTEMBER/OCTOBER,ALABAMA,SOUTHERN FLOUNDER,115141,50.2
FINAL,2002,SEPTEMBER/OCTOBER,FLORIDA,SOUTHERN FLOUNDER,2496,96.5
FINAL,2002,SEPTEMBER/OCTOBER,LOUISIANA,SOUTHERN FLOUNDER,92754,24.9
FINAL,2002,SEPTEMBER/OCTOBER,MISSISSIPPI,SOUTHERN FLOUNDER,15035,45.8
FINAL,2002,NOVEMBER/DECEMBER,ALABAMA,SOUTHERN FLOUNDER,43934,46.5
FINAL,2002,NOVEMBER/DECEMBER,FLORIDA,SOUTHERN FLOUNDER,5583,98.7
FINAL,2002,NOVEMBER/DECEMBER,LOUISIANA,SOUTHERN FLOUNDER,73221,32
FINAL,2002,NOVEMBER/DECEMBER,MISSISSIPPI,SOUTHERN FLOUNDER,57573,55.3
FINAL,2003,JANUARY/FEBRUARY,ALABAMA,SOUTHERN FLOUNDER,36437,72.6
FINAL,2003,JANUARY/FEBRUARY,LOUISIANA,SOUTHERN FLOUNDER,92187,59.4
FINAL,2003,JANUARY/FEBRUARY,MISSISSIPPI,SOUTHERN FLOUNDER,0,.
FINAL,2003,MARCH/APRIL,ALABAMA,SOUTHERN FLOUNDER,93762,65.8
FINAL,2003,MARCH/APRIL,FLORIDA,SOUTHERN FLOUNDER,2421,95.5
FINAL,2003,MARCH/APRIL,LOUISIANA,SOUTHERN FLOUNDER,91686,29.5
FINAL,2003,MARCH/APRIL,MISSISSIPPI,SOUTHERN FLOUNDER,81316,48.2
FINAL,2003,MAY/JUNE,ALABAMA,SOUTHERN FLOUNDER,132007,64.4
FINAL,2003,MAY/JUNE,FLORIDA,SOUTHERN FLOUNDER,11976,54.6
FINAL,2003,MAY/JUNE,LOUISIANA,SOUTHERN FLOUNDER,310285,26.3
FINAL,2003,MAY/JUNE,MISSISSIPPI,SOUTHERN FLOUNDER,66981,40.4
FINAL,2003,JULY/AUGUST,ALABAMA,SOUTHERN FLOUNDER,102702,50.6
FINAL,2003,JULY/AUGUST,FLORIDA,SOUTHERN FLOUNDER,9044,58.8
FINAL,2003,JULY/AUGUST,LOUISIANA,SOUTHERN FLOUNDER,96778,32.3
FINAL,2003,JULY/AUGUST,MISSISSIPPI,SOUTHERN FLOUNDER,55553,33.8
FINAL,2003,SEPTEMBER/OCTOBER,ALABAMA,SOUTHERN FLOUNDER,49273,40.5
FINAL,2003,SEPTEMBER/OCTOBER,FLORIDA,SOUTHERN FLOUNDER,11920,67.4
FINAL,2003,SEPTEMBER/OCTOBER,LOUISIANA,SOUTHERN FLOUNDER,107442,17.1
FINAL,2003,SEPTEMBER/OCTOBER,MISSISSIPPI,SOUTHERN FLOUNDER,19935,35.7
FINAL,2003,NOVEMBER/DECEMBER,ALABAMA,SOUTHERN FLOUNDER,1993,94.7
FINAL,2003,NOVEMBER/DECEMBER,FLORIDA,SOUTHERN FLOUNDER,2241,67.4
FINAL,2003,NOVEMBER/DECEMBER,LOUISIANA,SOUTHERN FLOUNDER,157744,41.9
FINAL,2003,NOVEMBER/DECEMBER,MISSISSIPPI,SOUTHERN FLOUNDER,5813,63.9
FINAL,2004,JANUARY/FEBRUARY,ALABAMA,SOUTHERN FLOUNDER,5890,42.6
FINAL,2004,JANUARY/FEBRUARY,LOUISIANA,SOUTHERN FLOUNDER,31344,72.9
FINAL,2004,JANUARY/FEBRUARY,MISSISSIPPI,SOUTHERN FLOUNDER,0,.
FINAL,2004,MARCH/APRIL,ALABAMA,SOUTHERN FLOUNDER,183723,59.6
FINAL,2004,MARCH/APRIL,FLORIDA,SOUTHERN FLOUNDER,0,.
FINAL,2004,MARCH/APRIL,LOUISIANA,SOUTHERN FLOUNDER,64251,26.7
FINAL,2004,MARCH/APRIL,MISSISSIPPI,SOUTHERN FLOUNDER,26208,60.9
FINAL,2004,MAY/JUNE,ALABAMA,SOUTHERN FLOUNDER,58758,45.3
FINAL,2004,MAY/JUNE,FLORIDA,SOUTHERN FLOUNDER,2274,97.5
FINAL,2004,MAY/JUNE,LOUISIANA,SOUTHERN FLOUNDER,207444,44.5
FINAL,2004,MAY/JUNE,MISSISSIPPI,SOUTHERN FLOUNDER,70884,37.7
FINAL,2004,JULY/AUGUST,ALABAMA,SOUTHERN FLOUNDER,43858,53.3
FINAL,2004,JULY/AUGUST,FLORIDA,SOUTHERN FLOUNDER,2643,84.6
FINAL,2004,JULY/AUGUST,LOUISIANA,SOUTHERN FLOUNDER,202886,28.5
FINAL,2004,JULY/AUGUST,MISSISSIPPI,SOUTHERN FLOUNDER,51137,34.7
FINAL,2004,SEPTEMBER/OCTOBER,ALABAMA,SOUTHERN FLOUNDER,10403,48
FINAL,2004,SEPTEMBER/OCTOBER,FLORIDA,SOUTHERN FLOUNDER,3662,81.2
FINAL,2004,SEPTEMBER/OCTOBER,LOUISIANA,SOUTHERN FLOUNDER,89017,21.6
FINAL,2004,SEPTEMBER/OCTOBER,MISSISSIPPI,SOUTHERN FLOUNDER,19358,75.3
FINAL,2004,NOVEMBER/DECEMBER,ALABAMA,SOUTHERN FLOUNDER,12256,37.5
FINAL,2004,NOVEMBER/DECEMBER,FLORIDA,SOUTHERN FLOUNDER,65187,65.2
FINAL,2004,NOVEMBER/DECEMBER,LOUISIANA,SOUTHERN FLOUNDER,217638,45.8
FINAL,2004,NOVEMBER/DECEMBER,MISSISSIPPI,SOUTHERN FLOUNDER,44657,71.5
FINAL,2005,JANUARY/FEBRUARY,ALABAMA,SOUTHERN FLOUNDER,3680,58.3
FINAL,2005,JANUARY/FEBRUARY,FLORIDA,SOUTHERN FLOUNDER,1641,95.6
FINAL,2005,JANUARY/FEBRUARY,LOUISIANA,SOUTHERN FLOUNDER,28145,49
FINAL,2005,JANUARY/FEBRUARY,MISSISSIPPI,SOUTHERN FLOUNDER,6757,93
FINAL,2005,MARCH/APRIL,ALABAMA,SOUTHERN FLOUNDER,188014,77.9
FINAL,2005,MARCH/APRIL,FLORIDA,SOUTHERN FLOUNDER,21923,51.9
FINAL,2005,MARCH/APRIL,LOUISIANA,SOUTHERN FLOUNDER,46092,36
FINAL,2005,MARCH/APRIL,MISSISSIPPI,SOUTHERN FLOUNDER,13802,57.7
FINAL,2005,MAY/JUNE,ALABAMA,SOUTHERN FLOUNDER,75150,41.4
FINAL,2005,MAY/JUNE,FLORIDA,SOUTHERN FLOUNDER,29554,62.4
FINAL,2005,MAY/JUNE,LOUISIANA,SOUTHERN FLOUNDER,130130,20.4
FINAL,2005,MAY/JUNE,MISSISSIPPI,SOUTHERN FLOUNDER,28223,39
FINAL,2005,JULY/AUGUST,ALABAMA,SOUTHERN FLOUNDER,23715,44.5
FINAL,2005,JULY/AUGUST,FLORIDA,SOUTHERN FLOUNDER,1123,98.1
FINAL,2005,JULY/AUGUST,LOUISIANA,SOUTHERN FLOUNDER,47082,24.1
FINAL,2005,JULY/AUGUST,MISSISSIPPI,SOUTHERN FLOUNDER,138165,72.6
FINAL,2005,SEPTEMBER/OCTOBER,ALABAMA,SOUTHERN FLOUNDER,65480,50.9
FINAL,2005,SEPTEMBER/OCTOBER,FLORIDA,SOUTHERN FLOUNDER,14409,49.1
FINAL,2005,SEPTEMBER/OCTOBER,LOUISIANA,SOUTHERN FLOUNDER,68618,34
FINAL,2005,NOVEMBER/DECEMBER,ALABAMA,SOUTHERN FLOUNDER,53338,53.8
FINAL,2005,NOVEMBER/DECEMBER,FLORIDA,SOUTHERN FLOUNDER,4988,85.3
FINAL,2005,NOVEMBER/DECEMBER,LOUISIANA,SOUTHERN FLOUNDER,421581,41
FINAL,2005,NOVEMBER/DECEMBER,MISSISSIPPI,SOUTHERN FLOUNDER,0,.
FINAL,2006,JANUARY/FEBRUARY,ALABAMA,SOUTHERN FLOUNDER,11395,69.8
FINAL,2006,JANUARY/FEBRUARY,FLORIDA,SOUTHERN FLOUNDER,0,.
FINAL,2006,JANUARY/FEBRUARY,LOUISIANA,SOUTHERN FLOUNDER,97113,49
FINAL,2006,JANUARY/FEBRUARY,MISSISSIPPI,SOUTHERN FLOUNDER,885,103.2
FINAL,2006,MARCH/APRIL,ALABAMA,SOUTHERN FLOUNDER,9845,65.5
FINAL,2006,MARCH/APRIL,FLORIDA,SOUTHERN FLOUNDER,4998,71.4
FINAL,2006,MARCH/APRIL,LOUISIANA,SOUTHERN FLOUNDER,61969,29.7
FINAL,2006,MARCH/APRIL,MISSISSIPPI,SOUTHERN FLOUNDER,37760,31.3
FINAL,2006,MAY/JUNE,ALABAMA,SOUTHERN FLOUNDER,57595,36.3
FINAL,2006,MAY/JUNE,FLORIDA,SOUTHERN FLOUNDER,6086,62.2
FINAL,2006,MAY/JUNE,LOUISIANA,SOUTHERN FLOUNDER,145606,22.1
FINAL,2006,MAY/JUNE,MISSISSIPPI,SOUTHERN FLOUNDER,91520,54.3
FINAL,2006,JULY/AUGUST,ALABAMA,SOUTHERN FLOUNDER,70748,41.4
FINAL,2006,JULY/AUGUST,FLORIDA,SOUTHERN FLOUNDER,7100,43
FINAL,2006,JULY/AUGUST,LOUISIANA,SOUTHERN FLOUNDER,64628,27.7
FINAL,2006,JULY/AUGUST,MISSISSIPPI,SOUTHERN FLOUNDER,6948,53
FINAL,2006,SEPTEMBER/OCTOBER,ALABAMA,SOUTHERN FLOUNDER,21368,44.5
FINAL,2006,SEPTEMBER/OCTOBER,FLORIDA,SOUTHERN FLOUNDER,3431,60.1
FINAL,2006,SEPTEMBER/OCTOBER,LOUISIANA,SOUTHERN FLOUNDER,129583,24.6
FINAL,2006,SEPTEMBER/OCTOBER,MISSISSIPPI,SOUTHERN FLOUNDER,2032,108
FINAL,2006,NOVEMBER/DECEMBER,ALABAMA,SOUTHERN FLOUNDER,10357,52.8
FINAL,2006,NOVEMBER/DECEMBER,FLORIDA,SOUTHERN FLOUNDER,162,53
FINAL,2006,NOVEMBER/DECEMBER,LOUISIANA,SOUTHERN FLOUNDER,143973,52.9
FINAL,2006,NOVEMBER/DECEMBER,MISSISSIPPI,SOUTHERN FLOUNDER,27843,37.1
FINAL,2007,JANUARY/FEBRUARY,ALABAMA,SOUTHERN FLOUNDER,11315,77
FINAL,2007,JANUARY/FEBRUARY,FLORIDA,SOUTHERN FLOUNDER,2270,99.8
FINAL,2007,JANUARY/FEBRUARY,LOUISIANA,SOUTHERN FLOUNDER,55920,72.6
FINAL,2007,JANUARY/FEBRUARY,MISSISSIPPI,SOUTHERN FLOUNDER,40388,65.5
FINAL,2007,MARCH/APRIL,ALABAMA,SOUTHERN FLOUNDER,12620,62.2
FINAL,2007,MARCH/APRIL,FLORIDA,SOUTHERN FLOUNDER,6223,75
FINAL,2007,MARCH/APRIL,LOUISIANA,SOUTHERN FLOUNDER,53278,33.1
FINAL,2007,MARCH/APRIL,MISSISSIPPI,SOUTHERN FLOUNDER,44030,54.1
FINAL,2007,MAY/JUNE,ALABAMA,SOUTHERN FLOUNDER,52886,39.5
FINAL,2007,MAY/JUNE,FLORIDA,SOUTHERN FLOUNDER,7242,67.7
FINAL,2007,MAY/JUNE,LOUISIANA,SOUTHERN FLOUNDER,169081,33.1
FINAL,2007,MAY/JUNE,MISSISSIPPI,SOUTHERN FLOUNDER,70765,54.9
FINAL,2007,JULY/AUGUST,ALABAMA,SOUTHERN FLOUNDER,69189,32.4
FINAL,2007,JULY/AUGUST,FLORIDA,SOUTHERN FLOUNDER,17226,49
FINAL,2007,JULY/AUGUST,LOUISIANA,SOUTHERN FLOUNDER,75193,21.7
FINAL,2007,JULY/AUGUST,MISSISSIPPI,SOUTHERN FLOUNDER,140332,47.1
FINAL,2007,SEPTEMBER/OCTOBER,ALABAMA,SOUTHERN FLOUNDER,22646,43.6
FINAL,2007,SEPTEMBER/OCTOBER,FLORIDA,SOUTHERN FLOUNDER,6375,66.2
FINAL,2007,SEPTEMBER/OCTOBER,LOUISIANA,SOUTHERN FLOUNDER,124654,27.3
FINAL,2007,SEPTEMBER/OCTOBER,MISSISSIPPI,SOUTHERN FLOUNDER,33290,42.5
FINAL,2007,NOVEMBER/DECEMBER,ALABAMA,SOUTHERN FLOUNDER,24575,41.3
FINAL,2007,NOVEMBER/DECEMBER,FLORIDA,SOUTHERN FLOUNDER,124786,87.1
FINAL,2007,NOVEMBER/DECEMBER,LOUISIANA,SOUTHERN FLOUNDER,238389,36.6
FINAL,2007,NOVEMBER/DECEMBER,MISSISSIPPI,SOUTHERN FLOUNDER,25133,57.1
FINAL,2008,JANUARY/FEBRUARY,ALABAMA,SOUTHERN FLOUNDER,7831,73.5
FINAL,2008,JANUARY/FEBRUARY,FLORIDA,SOUTHERN FLOUNDER,11379,64.3
FINAL,2008,JANUARY/FEBRUARY,LOUISIANA,SOUTHERN FLOUNDER,38458,49.8
FINAL,2008,JANUARY/FEBRUARY,MISSISSIPPI,SOUTHERN FLOUNDER,1575,75.6
FINAL,2008,MARCH/APRIL,ALABAMA,SOUTHERN FLOUNDER,35834,33.9
FINAL,2008,MARCH/APRIL,FLORIDA,SOUTHERN FLOUNDER,2891,94.9
FINAL,2008,MARCH/APRIL,LOUISIANA,SOUTHERN FLOUNDER,97481,20.7
FINAL,2008,MARCH/APRIL,MISSISSIPPI,SOUTHERN FLOUNDER,35804,39.8
FINAL,2008,MAY/JUNE,ALABAMA,SOUTHERN FLOUNDER,44439,41
FINAL,2008,MAY/JUNE,FLORIDA,SOUTHERN FLOUNDER,3680,63.1
FINAL,2008,MAY/JUNE,LOUISIANA,SOUTHERN FLOUNDER,77058,21.9
FINAL,2008,MAY/JUNE,MISSISSIPPI,SOUTHERN FLOUNDER,187713,37.3
FINAL,2008,JULY/AUGUST,ALABAMA,SOUTHERN FLOUNDER,78702,52.1
FINAL,2008,JULY/AUGUST,FLORIDA,SOUTHERN FLOUNDER,15461,82.1
FINAL,2008,JULY/AUGUST,LOUISIANA,SOUTHERN FLOUNDER,116202,46.7
FINAL,2008,JULY/AUGUST,MISSISSIPPI,SOUTHERN FLOUNDER,86116,30.1
FINAL,2008,SEPTEMBER/OCTOBER,ALABAMA,SOUTHERN FLOUNDER,49264,58.8
FINAL,2008,SEPTEMBER/OCTOBER,FLORIDA,SOUTHERN FLOUNDER,18128,51.8
FINAL,2008,SEPTEMBER/OCTOBER,LOUISIANA,SOUTHERN FLOUNDER,59087,19.3
FINAL,2008,SEPTEMBER/OCTOBER,MISSISSIPPI,SOUTHERN FLOUNDER,80616,44.5
FINAL,2008,NOVEMBER/DECEMBER,ALABAMA,SOUTHERN FLOUNDER,30020,50.5
FINAL,2008,NOVEMBER/DECEMBER,LOUISIANA,SOUTHERN FLOUNDER,129122,58
FINAL,2008,NOVEMBER/DECEMBER,MISSISSIPPI,SOUTHERN FLOUNDER,34586,29
FINAL,2009,JANUARY/FEBRUARY,ALABAMA,SOUTHERN FLOUNDER,4895,62.4
FINAL,2009,JANUARY/FEBRUARY,FLORIDA,SOUTHERN FLOUNDER,9330,74.1
FINAL,2009,JANUARY/FEBRUARY,LOUISIANA,SOUTHERN FLOUNDER,36178,31.2
FINAL,2009,JANUARY/FEBRUARY,MISSISSIPPI,SOUTHERN FLOUNDER,29112,44
FINAL,2009,MARCH/APRIL,ALABAMA,SOUTHERN FLOUNDER,9185,58.7
FINAL,2009,MARCH/APRIL,LOUISIANA,SOUTHERN FLOUNDER,91737,30.3
FINAL,2009,MARCH/APRIL,MISSISSIPPI,SOUTHERN FLOUNDER,187017,49.8
FINAL,2009,MAY/JUNE,ALABAMA,SOUTHERN FLOUNDER,92439,60.9
FINAL,2009,MAY/JUNE,FLORIDA,SOUTHERN FLOUNDER,7849,52.4
FINAL,2009,MAY/JUNE,LOUISIANA,SOUTHERN FLOUNDER,81024,23.3
FINAL,2009,MAY/JUNE,MISSISSIPPI,SOUTHERN FLOUNDER,78883,44.2
FINAL,2009,JULY/AUGUST,ALABAMA,SOUTHERN FLOUNDER,43507,74.5
FINAL,2009,JULY/AUGUST,FLORIDA,SOUTHERN FLOUNDER,1097,98.5
FINAL,2009,JULY/AUGUST,LOUISIANA,SOUTHERN FLOUNDER,307914,57.6
FINAL,2009,JULY/AUGUST,MISSISSIPPI,SOUTHERN FLOUNDER,158856,31
FINAL,2009,SEPTEMBER/OCTOBER,ALABAMA,SOUTHERN FLOUNDER,14552,33.1
FINAL,2009,SEPTEMBER/OCTOBER,FLORIDA,SOUTHERN FLOUNDER,2953,93.1
FINAL,2009,SEPTEMBER/OCTOBER,LOUISIANA,SOUTHERN FLOUNDER,233236,47
FINAL,2009,SEPTEMBER/OCTOBER,MISSISSIPPI,SOUTHERN FLOUNDER,123550,36.4
FINAL,2009,NOVEMBER/DECEMBER,ALABAMA,SOUTHERN FLOUNDER,113266,45.7
FINAL,2009,NOVEMBER/DECEMBER,LOUISIANA,SOUTHERN FLOUNDER,137443,38.4
FINAL,2009,NOVEMBER/DECEMBER,MISSISSIPPI,SOUTHERN FLOUNDER,19551,43.1
FINAL,2010,JANUARY/FEBRUARY,ALABAMA,SOUTHERN FLOUNDER,830,102.6
FINAL,2010,JANUARY/FEBRUARY,LOUISIANA,SOUTHERN FLOUNDER,11624,62.1
FINAL,2010,JANUARY/FEBRUARY,MISSISSIPPI,SOUTHERN FLOUNDER,27253,65
FINAL,2010,MARCH/APRIL,ALABAMA,SOUTHERN FLOUNDER,24522,47.1
FINAL,2010,MARCH/APRIL,LOUISIANA,SOUTHERN FLOUNDER,81084,27.9
FINAL,2010,MARCH/APRIL,MISSISSIPPI,SOUTHERN FLOUNDER,101497,70
FINAL,2010,MAY/JUNE,ALABAMA,SOUTHERN FLOUNDER,50885,42.2
FINAL,2010,MAY/JUNE,FLORIDA,SOUTHERN FLOUNDER,2406,99.4
FINAL,2010,MAY/JUNE,LOUISIANA,SOUTHERN FLOUNDER,196125,29.7
FINAL,2010,MAY/JUNE,MISSISSIPPI,SOUTHERN FLOUNDER,132173,32.3
FINAL,2010,JULY/AUGUST,ALABAMA,SOUTHERN FLOUNDER,326250,40.9
FINAL,2010,JULY/AUGUST,FLORIDA,SOUTHERN FLOUNDER,10051,81.2
FINAL,2010,JULY/AUGUST,LOUISIANA,SOUTHERN FLOUNDER,164255,25.4
FINAL,2010,JULY/AUGUST,MISSISSIPPI,SOUTHERN FLOUNDER,154817,53.1
FINAL,2010,SEPTEMBER/OCTOBER,ALABAMA,SOUTHERN FLOUNDER,149767,39.5
FINAL,2010,SEPTEMBER/OCTOBER,FLORIDA,SOUTHERN FLOUNDER,151,85.8
FINAL,2010,SEPTEMBER/OCTOBER,LOUISIANA,SOUTHERN FLOUNDER,76886,21.9
FINAL,2010,SEPTEMBER/OCTOBER,MISSISSIPPI,SOUTHERN FLOUNDER,122924,61.8
FINAL,2010,NOVEMBER/DECEMBER,ALABAMA,SOUTHERN FLOUNDER,27094,56.2
FINAL,2010,NOVEMBER/DECEMBER,FLORIDA,SOUTHERN FLOUNDER,19,91.4
FINAL,2010,NOVEMBER/DECEMBER,LOUISIANA,SOUTHERN FLOUNDER,144251,27.2
FINAL,2010,NOVEMBER/DECEMBER,MISSISSIPPI,SOUTHERN FLOUNDER,6955,54.9
FINAL,2011,JANUARY/FEBRUARY,ALABAMA,SOUTHERN FLOUNDER,776,101.2
FINAL,2011,JANUARY/FEBRUARY,LOUISIANA,SOUTHERN FLOUNDER,53095,58.2
FINAL,2011,JANUARY/FEBRUARY,MISSISSIPPI,SOUTHERN FLOUNDER,1858,102.9
FINAL,2011,MARCH/APRIL,ALABAMA,SOUTHERN FLOUNDER,51916,54.9
FINAL,2011,MARCH/APRIL,FLORIDA,SOUTHERN FLOUNDER,11401,68
FINAL,2011,MARCH/APRIL,LOUISIANA,SOUTHERN FLOUNDER,73654,26.6
FINAL,2011,MARCH/APRIL,MISSISSIPPI,SOUTHERN FLOUNDER,44910,39.3
FINAL,2011,MAY/JUNE,ALABAMA,SOUTHERN FLOUNDER,77284,41.6
FINAL,2011,MAY/JUNE,FLORIDA,SOUTHERN FLOUNDER,9311,88.8
FINAL,2011,MAY/JUNE,LOUISIANA,SOUTHERN FLOUNDER,200501,19.6
FINAL,2011,MAY/JUNE,MISSISSIPPI,SOUTHERN FLOUNDER,225905,49.6
FINAL,2011,JULY/AUGUST,ALABAMA,SOUTHERN FLOUNDER,94482,50
FINAL,2011,JULY/AUGUST,FLORIDA,SOUTHERN FLOUNDER,8951,59.2
FINAL,2011,JULY/AUGUST,LOUISIANA,SOUTHERN FLOUNDER,197495,34
FINAL,2011,JULY/AUGUST,MISSISSIPPI,SOUTHERN FLOUNDER,110918,35.6
FINAL,2011,SEPTEMBER/OCTOBER,ALABAMA,SOUTHERN FLOUNDER,50572,26.2
FINAL,2011,SEPTEMBER/OCTOBER,FLORIDA,SOUTHERN FLOUNDER,9538,69.8
FINAL,2011,SEPTEMBER/OCTOBER,LOUISIANA,SOUTHERN FLOUNDER,242842,61.9
FINAL,2011,SEPTEMBER/OCTOBER,MISSISSIPPI,SOUTHERN FLOUNDER,22325,35.9
FINAL,2011,NOVEMBER/DECEMBER,ALABAMA,SOUTHERN FLOUNDER,42785,60.7
FINAL,2011,NOVEMBER/DECEMBER,FLORIDA,SOUTHERN FLOUNDER,20630,45.2
FINAL,2011,NOVEMBER/DECEMBER,LOUISIANA,SOUTHERN FLOUNDER,220113,35.6
FINAL,2011,NOVEMBER/DECEMBER,MISSISSIPPI,SOUTHERN FLOUNDER,14643,51.8
FINAL,2012,JANUARY/FEBRUARY,ALABAMA,SOUTHERN FLOUNDER,12156,47.7
FINAL,2012,JANUARY/FEBRUARY,FLORIDA,SOUTHERN FLOUNDER,4225,82.9
FINAL,2012,JANUARY/FEBRUARY,LOUISIANA,SOUTHERN FLOUNDER,50776,46.4
FINAL,2012,JANUARY/FEBRUARY,MISSISSIPPI,SOUTHERN FLOUNDER,18643,59.5
FINAL,2012,MARCH/APRIL,ALABAMA,SOUTHERN FLOUNDER,48458,43.4
FINAL,2012,MARCH/APRIL,FLORIDA,SOUTHERN FLOUNDER,21160,66
FINAL,2012,MARCH/APRIL,LOUISIANA,SOUTHERN FLOUNDER,73310,33.5
FINAL,2012,MARCH/APRIL,MISSISSIPPI,SOUTHERN FLOUNDER,64680,57.3
FINAL,2012,MAY/JUNE,ALABAMA,SOUTHERN FLOUNDER,51926,57
FINAL,2012,MAY/JUNE,FLORIDA,SOUTHERN FLOUNDER,6293,61.4
FINAL,2012,MAY/JUNE,LOUISIANA,SOUTHERN FLOUNDER,136141,19.2
FINAL,2012,MAY/JUNE,MISSISSIPPI,SOUTHERN FLOUNDER,125958,46.3
FINAL,2012,JULY/AUGUST,ALABAMA,SOUTHERN FLOUNDER,86498,58.3
FINAL,2012,JULY/AUGUST,FLORIDA,SOUTHERN FLOUNDER,29866,49.7
FINAL,2012,JULY/AUGUST,LOUISIANA,SOUTHERN FLOUNDER,191494,32.3
FINAL,2012,JULY/AUGUST,MISSISSIPPI,SOUTHERN FLOUNDER,50882,44.6
FINAL,2012,SEPTEMBER/OCTOBER,ALABAMA,SOUTHERN FLOUNDER,38994,49.7
FINAL,2012,SEPTEMBER/OCTOBER,FLORIDA,SOUTHERN FLOUNDER,6372,50.5
FINAL,2012,SEPTEMBER/OCTOBER,LOUISIANA,SOUTHERN FLOUNDER,118356,30.5
FINAL,2012,SEPTEMBER/OCTOBER,MISSISSIPPI,SOUTHERN FLOUNDER,127427,36.4
FINAL,2012,NOVEMBER/DECEMBER,ALABAMA,SOUTHERN FLOUNDER,3871,54.3
FINAL,2012,NOVEMBER/DECEMBER,FLORIDA,SOUTHERN FLOUNDER,13306,69
FINAL,2012,NOVEMBER/DECEMBER,LOUISIANA,SOUTHERN FLOUNDER,118609,30.7
FINAL,2012,NOVEMBER/DECEMBER,MISSISSIPPI,SOUTHERN FLOUNDER,13667,56.3
FINAL,2013,JANUARY/FEBRUARY,ALABAMA,SOUTHERN FLOUNDER,20260,65.3
FINAL,2013,JANUARY/FEBRUARY,FLORIDA,SOUTHERN FLOUNDER,43381,99.8
FINAL,2013,JANUARY/FEBRUARY,LOUISIANA,SOUTHERN FLOUNDER,89837,39.9
FINAL,2013,JANUARY/FEBRUARY,MISSISSIPPI,SOUTHERN FLOUNDER,814,101
FINAL,2013,MARCH/APRIL,ALABAMA,SOUTHERN FLOUNDER,4938,75.4
FINAL,2013,MARCH/APRIL,LOUISIANA,SOUTHERN FLOUNDER,263513,40.7
FINAL,2013,MARCH/APRIL,MISSISSIPPI,SOUTHERN FLOUNDER,4977,68.2
FINAL,2013,MAY/JUNE,ALABAMA,SOUTHERN FLOUNDER,46064,44.3
FINAL,2013,MAY/JUNE,FLORIDA,SOUTHERN FLOUNDER,5182,86.1
FINAL,2013,MAY/JUNE,LOUISIANA,SOUTHERN FLOUNDER,64548,28.9
FINAL,2013,MAY/JUNE,MISSISSIPPI,SOUTHERN FLOUNDER,152522,32.4
FINAL,2013,JULY/AUGUST,ALABAMA,SOUTHERN FLOUNDER,64482,29.8
FINAL,2013,JULY/AUGUST,FLORIDA,SOUTHERN FLOUNDER,10884,75.7
FINAL,2013,JULY/AUGUST,LOUISIANA,SOUTHERN FLOUNDER,209003,39.4
FINAL,2013,JULY/AUGUST,MISSISSIPPI,SOUTHERN FLOUNDER,201360,31.8
FINAL,2013,SEPTEMBER/OCTOBER,ALABAMA,SOUTHERN FLOUNDER,55367,43.4
FINAL,2013,SEPTEMBER/OCTOBER,FLORIDA,SOUTHERN FLOUNDER,13526,38.2
FINAL,2013,SEPTEMBER/OCTOBER,LOUISIANA,SOUTHERN FLOUNDER,162149,16.7
FINAL,2013,SEPTEMBER/OCTOBER,MISSISSIPPI,SOUTHERN FLOUNDER,74620,21
FINAL,2013,NOVEMBER/DECEMBER,ALABAMA,SOUTHERN FLOUNDER,2563,89.5
FINAL,2013,NOVEMBER/DECEMBER,FLORIDA,SOUTHERN FLOUNDER,2510,106
FINAL,2013,NOVEMBER/DECEMBER,LOUISIANA,SOUTHERN FLOUNDER,741459,9.7
FINAL,2013,NOVEMBER/DECEMBER,MISSISSIPPI,SOUTHERN FLOUNDER,13950,69.2
FINAL,2014,JANUARY/FEBRUARY,ALABAMA,SOUTHERN FLOUNDER,74699,27.4
FINAL,2014,JANUARY/FEBRUARY,MISSISSIPPI,SOUTHERN FLOUNDER,3411,84.5
FINAL,2014,MARCH/APRIL,ALABAMA,SOUTHERN FLOUNDER,3973,104.7
FINAL,2014,MARCH/APRIL,FLORIDA,SOUTHERN FLOUNDER,674,100.8
FINAL,2014,MARCH/APRIL,MISSISSIPPI,SOUTHERN FLOUNDER,4609,79.8
FINAL,2014,MAY/JUNE,ALABAMA,SOUTHERN FLOUNDER,16852,44.4
FINAL,2014,MAY/JUNE,FLORIDA,SOUTHERN FLOUNDER,6462,50.5
FINAL,2014,MAY/JUNE,MISSISSIPPI,SOUTHERN FLOUNDER,72933,103.2
FINAL,2014,JULY/AUGUST,ALABAMA,SOUTHERN FLOUNDER,8304,45.5
FINAL,2014,JULY/AUGUST,FLORIDA,SOUTHERN FLOUNDER,7031,97.1
FINAL,2014,JULY/AUGUST,MISSISSIPPI,SOUTHERN FLOUNDER,88884,42.4
FINAL,2014,SEPTEMBER/OCTOBER,ALABAMA,SOUTHERN FLOUNDER,18858,46.8
FINAL,2014,SEPTEMBER/OCTOBER,FLORIDA,SOUTHERN FLOUNDER,4370,60.3
FINAL,2014,SEPTEMBER/OCTOBER,MISSISSIPPI,SOUTHERN FLOUNDER,61784,81.2
FINAL,2014,NOVEMBER/DECEMBER,FLORIDA,SOUTHERN FLOUNDER,572,100.5
FINAL,2014,NOVEMBER/DECEMBER,MISSISSIPPI,SOUTHERN FLOUNDER,23238,47.1
FINAL,2015,JANUARY/FEBRUARY,FLORIDA,SOUTHERN FLOUNDER,133,97.2
FINAL,2015,JANUARY/FEBRUARY,MISSISSIPPI,SOUTHERN FLOUNDER,1561,90.4
FINAL,2015,MARCH/APRIL,ALABAMA,SOUTHERN FLOUNDER,21066,79
FINAL,2015,MARCH/APRIL,MISSISSIPPI,SOUTHERN FLOUNDER,6237,67.9
FINAL,2015,MAY/JUNE,ALABAMA,SOUTHERN FLOUNDER,8094,39
FINAL,2015,MAY/JUNE,FLORIDA,SOUTHERN FLOUNDER,2128,71.3
FINAL,2015,MAY/JUNE,MISSISSIPPI,SOUTHERN FLOUNDER,75283,39.1
FINAL,2015,JULY/AUGUST,ALABAMA,SOUTHERN FLOUNDER,37364,36
FINAL,2015,JULY/AUGUST,FLORIDA,SOUTHERN FLOUNDER,1712,75.6
FINAL,2015,JULY/AUGUST,MISSISSIPPI,SOUTHERN FLOUNDER,47290,41.6
FINAL,2015,SEPTEMBER/OCTOBER,ALABAMA,SOUTHERN FLOUNDER,35672,42.8
FINAL,2015,SEPTEMBER/OCTOBER,FLORIDA,SOUTHERN FLOUNDER,139,102.4
FINAL,2015,SEPTEMBER/OCTOBER,MISSISSIPPI,SOUTHERN FLOUNDER,27074,34.4
FINAL,2015,NOVEMBER/DECEMBER,ALABAMA,SOUTHERN FLOUNDER,1731,103.4
FINAL,2015,NOVEMBER/DECEMBER,FLORIDA,SOUTHERN FLOUNDER,2835,100.8
FINAL,2015,NOVEMBER/DECEMBER,MISSISSIPPI,SOUTHERN FLOUNDER,14544,71.1
FINAL,2016,JANUARY/FEBRUARY,ALABAMA,SOUTHERN FLOUNDER,6932,104.7
FINAL,2016,JANUARY/FEBRUARY,MISSISSIPPI,SOUTHERN FLOUNDER,21438,103.6
FINAL,2016,MARCH/APRIL,ALABAMA,SOUTHERN FLOUNDER,6954,73.7
FINAL,2016,MARCH/APRIL,FLORIDA,SOUTHERN FLOUNDER,4228,96.8
FINAL,2016,MARCH/APRIL,MISSISSIPPI,SOUTHERN FLOUNDER,19819,47.6
FINAL,2016,MAY/JUNE,ALABAMA,SOUTHERN FLOUNDER,54396,50.8
FINAL,2016,MAY/JUNE,FLORIDA,SOUTHERN FLOUNDER,13598,56.8
FINAL,2016,MAY/JUNE,MISSISSIPPI,SOUTHERN FLOUNDER,55392,42.1
FINAL,2016,JULY/AUGUST,ALABAMA,SOUTHERN FLOUNDER,9364,47.1
FINAL,2016,JULY/AUGUST,FLORIDA,SOUTHERN FLOUNDER,3268,73.4
FINAL,2016,JULY/AUGUST,MISSISSIPPI,SOUTHERN FLOUNDER,85294,32.8
FINAL,2016,SEPTEMBER/OCTOBER,ALABAMA,SOUTHERN FLOUNDER,60379,72
FINAL,2016,SEPTEMBER/OCTOBER,FLORIDA,SOUTHERN FLOUNDER,2544,67.5
FINAL,2016,SEPTEMBER/OCTOBER,MISSISSIPPI,SOUTHERN FLOUNDER,43554,63.4
FINAL,2016,NOVEMBER/DECEMBER,ALABAMA,SOUTHERN FLOUNDER,1335,72.7
FINAL,2017,JANUARY/FEBRUARY,ALABAMA,SOUTHERN FLOUNDER,2731,107.7
FINAL,2017,MARCH/APRIL,FLORIDA,SOUTHERN FLOUNDER,21280,93
FINAL,2017,MARCH/APRIL,MISSISSIPPI,SOUTHERN FLOUNDER,0,.
FINAL,2017,MAY/JUNE,ALABAMA,SOUTHERN FLOUNDER,37968,78
FINAL,2017,MAY/JUNE,FLORIDA,SOUTHERN FLOUNDER,1745,73
FINAL,2017,MAY/JUNE,MISSISSIPPI,SOUTHERN FLOUNDER,12601,82.8
FINAL,2017,JULY/AUGUST,ALABAMA,SOUTHERN FLOUNDER,12535,55.1
FINAL,2017,JULY/AUGUST,MISSISSIPPI,SOUTHERN FLOUNDER,12503,40.8
FINAL,2017,SEPTEMBER/OCTOBER,ALABAMA,SOUTHERN FLOUNDER,41003,67.1
FINAL,2017,SEPTEMBER/OCTOBER,MISSISSIPPI,SOUTHERN FLOUNDER,30727,36.1
FINAL,2017,NOVEMBER/DECEMBER,ALABAMA,SOUTHERN FLOUNDER,6431,62.2
FINAL,2017,NOVEMBER/DECEMBER,FLORIDA,SOUTHERN FLOUNDER,3093,68.8
FINAL,2017,NOVEMBER/DECEMBER,MISSISSIPPI,SOUTHERN FLOUNDER,40544,65.4
FINAL,2018,JANUARY/FEBRUARY,MISSISSIPPI,SOUTHERN FLOUNDER,7774,105.3
FINAL,2018,MARCH/APRIL,ALABAMA,SOUTHERN FLOUNDER,3474,47
FINAL,2018,MARCH/APRIL,FLORIDA,SOUTHERN FLOUNDER,7030,77.9
FINAL,2018,MARCH/APRIL,MISSISSIPPI,SOUTHERN FLOUNDER,8318,62.6
FINAL,2018,MAY/JUNE,ALABAMA,SOUTHERN FLOUNDER,5118,86.6
FINAL,2018,MAY/JUNE,FLORIDA,SOUTHERN FLOUNDER,11780,78.8
FINAL,2018,MAY/JUNE,MISSISSIPPI,SOUTHERN FLOUNDER,15241,59.3
FINAL,2018,JULY/AUGUST,ALABAMA,SOUTHERN FLOUNDER,50212,66
FINAL,2018,JULY/AUGUST,MISSISSIPPI,SOUTHERN FLOUNDER,4563,60.1
FINAL,2018,SEPTEMBER/OCTOBER,ALABAMA,SOUTHERN FLOUNDER,24185,54
FINAL,2018,SEPTEMBER/OCTOBER,FLORIDA,SOUTHERN FLOUNDER,1830,51.2
FINAL,2018,SEPTEMBER/OCTOBER,MISSISSIPPI,SOUTHERN FLOUNDER,42030,55.1
FINAL,2018,NOVEMBER/DECEMBER,ALABAMA,SOUTHERN FLOUNDER,0,.
FINAL,2018,NOVEMBER/DECEMBER,MISSISSIPPI,SOUTHERN FLOUNDER,47901,58.6
FINAL,2019,JANUARY/FEBRUARY,MISSISSIPPI,SOUTHERN FLOUNDER,4446,71.5
FINAL,2019,MARCH/APRIL,ALABAMA,SOUTHERN FLOUNDER,1999,62.4
FINAL,2019,MARCH/APRIL,FLORIDA,SOUTHERN FLOUNDER,26482,91.5
FINAL,2019,MARCH/APRIL,MISSISSIPPI,SOUTHERN FLOUNDER,11308,39.1
FINAL,2019,MAY/JUNE,ALABAMA,SOUTHERN FLOUNDER,15361,56.2
FINAL,2019,MAY/JUNE,FLORIDA,SOUTHERN FLOUNDER,8982,52.4
FINAL,2019,MAY/JUNE,MISSISSIPPI,SOUTHERN FLOUNDER,58351,47.2
FINAL,2019,JULY/AUGUST,ALABAMA,SOUTHERN FLOUNDER,1312,76.2
FINAL,2019,JULY/AUGUST,FLORIDA,SOUTHERN FLOUNDER,41556,101.6
FINAL,2019,JULY/AUGUST,MISSISSIPPI,SOUTHERN FLOUNDER,80617,65.3
FINAL,2019,SEPTEMBER/OCTOBER,ALABAMA,SOUTHERN FLOUNDER,6633,54.1
FINAL,2019,SEPTEMBER/OCTOBER,FLORIDA,SOUTHERN FLOUNDER,7540,38.1
FINAL,2019,SEPTEMBER/OCTOBER,MISSISSIPPI,SOUTHERN FLOUNDER,20656,38.2
FINAL,2019,NOVEMBER/DECEMBER,ALABAMA,SOUTHERN FLOUNDER,0,.
FINAL,2019,NOVEMBER/DECEMBER,FLORIDA,SOUTHERN FLOUNDER,6079,67.5
FINAL,2019,NOVEMBER/DECEMBER,MISSISSIPPI,SOUTHERN FLOUNDER,5598,57.7
PRELIMINARY,2020,JANUARY/FEBRUARY,MISSISSIPPI,SOUTHERN FLOUNDER,148,110
