Year,State,Species,Number,Pounds
1997,FLW_Keys/AL,Atlantic_Croaker,,
1998,FLW_Keys/AL,Atlantic_Croaker,121,158.181485
1999,FLW_Keys/AL,Atlantic_Croaker,,
2000,FLW_Keys/AL,Atlantic_Croaker,,
2001,FLW_Keys/AL,Atlantic_Croaker,,
2006,FLW_Keys/AL,Atlantic_Croaker,,
2009,FLW_Keys/AL,Atlantic_Croaker,,
2011,FLW_Keys/AL,Atlantic_Croaker,,
1997,GA/FLE,Atlantic_Croaker,,
1999,GA/FLE,Atlantic_Croaker,,
2000,GA/FLE,Atlantic_Croaker,,
2001,GA/FLE,Atlantic_Croaker,,
2004,GA/FLE,Atlantic_Croaker,,
2007,GA/FLE,Atlantic_Croaker,,
2008,GA/FLE,Atlantic_Croaker,62,51.57928952
2009,GA/FLE,Atlantic_Croaker,42,36.21308812
2010,GA/FLE,Atlantic_Croaker,,
2011,GA/FLE,Atlantic_Croaker,185,139.7817265
2012,GA/FLE,Atlantic_Croaker,328,268.5888546
2013,GA/FLE,Atlantic_Croaker,577,450.0004205
2014,GA/FLE,Atlantic_Croaker,249,196.3566849
2015,GA/FLE,Atlantic_Croaker,114,126.1108779
2016,GA/FLE,Atlantic_Croaker,53,25.1216449
2017,GA/FLE,Atlantic_Croaker,35,30.04456136
2018,GA/FLE,Atlantic_Croaker,52,47.99237278
1996,LA/MS,Atlantic_Croaker,104,130.1387186
1997,LA/MS,Atlantic_Croaker,,
1998,LA/MS,Atlantic_Croaker,,
1999,LA/MS,Atlantic_Croaker,,
2000,LA/MS,Atlantic_Croaker,,
2008,LA/MS,Atlantic_Croaker,,
2009,LA/MS,Atlantic_Croaker,,
2011,LA/MS,Atlantic_Croaker,60,66.4252006
2012,LA/MS,Atlantic_Croaker,,
2013,LA/MS,Atlantic_Croaker,27,83.3015667
2014,LA/MS,Atlantic_Croaker,15,45.11313906
2015,LA/MS,Atlantic_Croaker,30,15.65059738
2016,LA/MS,Atlantic_Croaker,82,169.2927698
2017,LA/MS,Atlantic_Croaker,68,57.02911016
2018,LA/MS,Atlantic_Croaker,130,16.5126038
1996,NC,Atlantic_Croaker,,
2004,NC,Atlantic_Croaker,,
2005,NC,Atlantic_Croaker,,
2007,NC,Atlantic_Croaker,,
2010,NC,Atlantic_Croaker,,
2011,NC,Atlantic_Croaker,,
2014,NC,Atlantic_Croaker,15,8.8295031
2015,NC,Atlantic_Croaker,,
2016,NC,Atlantic_Croaker,,
2018,NC,Atlantic_Croaker,,
1996,SC,Atlantic_Croaker,,
1998,SC,Atlantic_Croaker,15,20.4809198
1999,SC,Atlantic_Croaker,82,130.7119198
2002,SC,Atlantic_Croaker,,
2004,SC,Atlantic_Croaker,,
2006,SC,Atlantic_Croaker,,
2008,SC,Atlantic_Croaker,,
2012,SC,Atlantic_Croaker,200,72.88253258
2013,SC,Atlantic_Croaker,,
2014,SC,Atlantic_Croaker,,
2015,SC,Atlantic_Croaker,,
2016,SC,Atlantic_Croaker,1031,488.6870923
2017,SC,Atlantic_Croaker,,
2018,SC,Atlantic_Croaker,1988,1113.617496
1996,TX,Atlantic_Croaker,,
2001,TX,Atlantic_Croaker,,
2007,TX,Atlantic_Croaker,,
2008,TX,Atlantic_Croaker,,
2009,TX,Atlantic_Croaker,,
2010,TX,Atlantic_Croaker,,
2011,TX,Atlantic_Croaker,,
2012,TX,Atlantic_Croaker,,
2013,TX,Atlantic_Croaker,,
2014,TX,Atlantic_Croaker,51,155.4742116
2015,TX,Atlantic_Croaker,28,14.90102658
2016,TX,Atlantic_Croaker,,
2017,TX,Atlantic_Croaker,17,13.6025054
2018,TX,Atlantic_Croaker,77,57.47664802
1996,FLW_Keys/AL,Black_Sea_Bass,16876,12291.08719
1997,FLW_Keys/AL,Black_Sea_Bass,28359,15507.62777
1998,FLW_Keys/AL,Black_Sea_Bass,19547,11402.8017
1999,FLW_Keys/AL,Black_Sea_Bass,13733,9604.912046
2000,FLW_Keys/AL,Black_Sea_Bass,11298,9265.312382
2001,FLW_Keys/AL,Black_Sea_Bass,10768,7077.425447
2002,FLW_Keys/AL,Black_Sea_Bass,3029,1985.216218
2003,FLW_Keys/AL,Black_Sea_Bass,9471,6179.175075
2004,FLW_Keys/AL,Black_Sea_Bass,5691,3738.57255
2005,FLW_Keys/AL,Black_Sea_Bass,6635,6129.593171
2006,FLW_Keys/AL,Black_Sea_Bass,2154,1555.271225
2007,FLW_Keys/AL,Black_Sea_Bass,8897,6496.164157
2008,FLW_Keys/AL,Black_Sea_Bass,8218,6198.965948
2009,FLW_Keys/AL,Black_Sea_Bass,5371,4046.703469
2010,FLW_Keys/AL,Black_Sea_Bass,3588,3980.516367
2011,FLW_Keys/AL,Black_Sea_Bass,7550,6623.932909
2012,FLW_Keys/AL,Black_Sea_Bass,14117,12137.59053
2013,FLW_Keys/AL,Black_Sea_Bass,6341,6220.679251
2014,FLW_Keys/AL,Black_Sea_Bass,10679,10513.37642
2015,FLW_Keys/AL,Black_Sea_Bass,15270,20570.44721
2016,FLW_Keys/AL,Black_Sea_Bass,18701,15482.38708
2017,FLW_Keys/AL,Black_Sea_Bass,15186,12609.38582
2018,FLW_Keys/AL,Black_Sea_Bass,12475,18685.59191
1996,GA/FLE,Black_Sea_Bass,35961,24720.58043
1997,GA/FLE,Black_Sea_Bass,42137,26210.17603
1998,GA/FLE,Black_Sea_Bass,32587,17060.62824
1999,GA/FLE,Black_Sea_Bass,52756,36953.35542
2000,GA/FLE,Black_Sea_Bass,29183,23214.80292
2001,GA/FLE,Black_Sea_Bass,38585,25900.47101
2002,GA/FLE,Black_Sea_Bass,27241,20007.05878
2003,GA/FLE,Black_Sea_Bass,32199,26432.35763
2004,GA/FLE,Black_Sea_Bass,91544,84622.0459
2005,GA/FLE,Black_Sea_Bass,78050,62595.02609
2006,GA/FLE,Black_Sea_Bass,70540,53608.20131
2007,GA/FLE,Black_Sea_Bass,52449,47909.78331
2008,GA/FLE,Black_Sea_Bass,33643,31515.28541
2009,GA/FLE,Black_Sea_Bass,83915,83215.89076
2010,GA/FLE,Black_Sea_Bass,136306,138484.7684
2011,GA/FLE,Black_Sea_Bass,108901,116925.3507
2012,GA/FLE,Black_Sea_Bass,31141,33902.78966
2013,GA/FLE,Black_Sea_Bass,29011,34659.36674
2014,GA/FLE,Black_Sea_Bass,27012,33816.14809
2015,GA/FLE,Black_Sea_Bass,15689,20451.0494
2016,GA/FLE,Black_Sea_Bass,13079,16373.14615
2017,GA/FLE,Black_Sea_Bass,8264,11306.25919
2018,GA/FLE,Black_Sea_Bass,5809,7104.53566
1996,NC,Black_Sea_Bass,48446,45820.46934
1997,NC,Black_Sea_Bass,41394,33918.18893
1998,NC,Black_Sea_Bass,54297,46315.56085
1999,NC,Black_Sea_Bass,68500,64254.75221
2000,NC,Black_Sea_Bass,67552,62490.48301
2001,NC,Black_Sea_Bass,58472,54782.42601
2002,NC,Black_Sea_Bass,48124,43901.01694
2003,NC,Black_Sea_Bass,45716,42764.1385
2004,NC,Black_Sea_Bass,52154,55060.45064
2005,NC,Black_Sea_Bass,62725,60539.35022
2006,NC,Black_Sea_Bass,38353,35647.40467
2007,NC,Black_Sea_Bass,35155,39605.21786
2008,NC,Black_Sea_Bass,25426,31564.85849
2009,NC,Black_Sea_Bass,25147,30958.73129
2010,NC,Black_Sea_Bass,51444,64306.44394
2011,NC,Black_Sea_Bass,36398,43765.4791
2012,NC,Black_Sea_Bass,35385,46301.55049
2013,NC,Black_Sea_Bass,31970,43649.20745
2014,NC,Black_Sea_Bass,27907,38127.50517
2015,NC,Black_Sea_Bass,29852,39391.13163
2016,NC,Black_Sea_Bass,21261,28539.615
2017,NC,Black_Sea_Bass,20999,26671.71763
2018,NC,Black_Sea_Bass,21146,26405.65748
1996,SC,Black_Sea_Bass,127695,76001.69509
1997,SC,Black_Sea_Bass,124206,87613.23022
1998,SC,Black_Sea_Bass,110243,79127.60375
1999,SC,Black_Sea_Bass,104514,91360.68739
2000,SC,Black_Sea_Bass,81337,58884.36403
2001,SC,Black_Sea_Bass,102377,91341.77175
2002,SC,Black_Sea_Bass,76654,59366.66875
2003,SC,Black_Sea_Bass,76929,64914.33042
2004,SC,Black_Sea_Bass,106962,97903.9775
2005,SC,Black_Sea_Bass,79691,56524.67106
2006,SC,Black_Sea_Bass,122548,84809.28427
2007,SC,Black_Sea_Bass,76570,74461.86723
2008,SC,Black_Sea_Bass,33583,36119.76876
2009,SC,Black_Sea_Bass,44718,48995.88714
2010,SC,Black_Sea_Bass,82527,86444.10039
2011,SC,Black_Sea_Bass,61668,71873.78445
2012,SC,Black_Sea_Bass,40836,48058.5224
2013,SC,Black_Sea_Bass,27741,39604.77915
2014,SC,Black_Sea_Bass,24684,32925.9534
2015,SC,Black_Sea_Bass,17416,20928.74647
2016,SC,Black_Sea_Bass,16578,21785.63817
2017,SC,Black_Sea_Bass,13799,16398.65361
2018,SC,Black_Sea_Bass,19596,24138.90026
1991,FLW_Keys/AL,Bluefish,91,263.9150602
1992,FLW_Keys/AL,Bluefish,169,909.4939348
1993,FLW_Keys/AL,Bluefish,487,1195.984304
1994,FLW_Keys/AL,Bluefish,280,1575.884422
1995,FLW_Keys/AL,Bluefish,128,468.9006278
1996,FLW_Keys/AL,Bluefish,669,1481.50464
1997,FLW_Keys/AL,Bluefish,241,400.8440084
1998,FLW_Keys/AL,Bluefish,484,756.956277
1999,FLW_Keys/AL,Bluefish,208,767.869146
2000,FLW_Keys/AL,Bluefish,92,246.6749318
2001,FLW_Keys/AL,Bluefish,238,478.9316488
2002,FLW_Keys/AL,Bluefish,162,468.0849184
2003,FLW_Keys/AL,Bluefish,4084,8748.8581
2004,FLW_Keys/AL,Bluefish,546,1136.591841
2005,FLW_Keys/AL,Bluefish,5400,7689.560237
2006,FLW_Keys/AL,Bluefish,1410,2612.121961
2007,FLW_Keys/AL,Bluefish,2125,2887.3842
2008,FLW_Keys/AL,Bluefish,387,950.9099261
2009,FLW_Keys/AL,Bluefish,320,603.8365995
2010,FLW_Keys/AL,Bluefish,214,423.9351983
2011,FLW_Keys/AL,Bluefish,283,800.8216011
2012,FLW_Keys/AL,Bluefish,186,316.6209105
2013,FLW_Keys/AL,Bluefish,151,321.2572264
2014,FLW_Keys/AL,Bluefish,46,95.75326046
2015,FLW_Keys/AL,Bluefish,153,197.9969222
2016,FLW_Keys/AL,Bluefish,230,502.5784029
2017,FLW_Keys/AL,Bluefish,166,364.9263394
2018,FLW_Keys/AL,Bluefish,249,355.3230146
1991,GA/FLE,Bluefish,373,2522.945082
1992,GA/FLE,Bluefish,4711,53192.71862
1993,GA/FLE,Bluefish,1491,6818.492828
1994,GA/FLE,Bluefish,1945,14779.04496
1995,GA/FLE,Bluefish,2180,7294.778933
1996,GA/FLE,Bluefish,1943,3856.012657
1997,GA/FLE,Bluefish,825,770.404459
1998,GA/FLE,Bluefish,2991,4595.177651
1999,GA/FLE,Bluefish,1186,9601.142146
2000,GA/FLE,Bluefish,761,1232.140072
2001,GA/FLE,Bluefish,2968,3697.037509
2002,GA/FLE,Bluefish,103,144.9096726
2003,GA/FLE,Bluefish,1003,1409.237196
2004,GA/FLE,Bluefish,795,1689.973507
2005,GA/FLE,Bluefish,904,2018.417795
2006,GA/FLE,Bluefish,240,392.973515
2007,GA/FLE,Bluefish,623,844.0828594
2008,GA/FLE,Bluefish,1372,3887.084571
2009,GA/FLE,Bluefish,569,2273.102111
2010,GA/FLE,Bluefish,1228,2023.475193
2011,GA/FLE,Bluefish,1449,3622.157591
2012,GA/FLE,Bluefish,450,571.8078802
2013,GA/FLE,Bluefish,905,1159.162741
2014,GA/FLE,Bluefish,971,1149.907746
2015,GA/FLE,Bluefish,1076,1638.515472
2016,GA/FLE,Bluefish,2257,3738.48657
2017,GA/FLE,Bluefish,1300,3603.574849
2018,GA/FLE,Bluefish,1593,2517.191024
1991,NC,Bluefish,296,2328.497598
1992,NC,Bluefish,2385,22756.68289
1993,NC,Bluefish,1071,7565.109438
1994,NC,Bluefish,980,10664.36423
1995,NC,Bluefish,252,2886.045996
1996,NC,Bluefish,2518,22634.01783
1997,NC,Bluefish,32,124.4948914
1998,NC,Bluefish,605,3508.630684
1999,NC,Bluefish,35,232.1244398
2000,NC,Bluefish,16,25.573592
2001,NC,Bluefish,,
2002,NC,Bluefish,68,46.3411124
2003,NC,Bluefish,1010,8535.3627
2004,NC,Bluefish,3092,7483.494405
2005,NC,Bluefish,84,227.957708
2006,NC,Bluefish,594,862.2930206
2007,NC,Bluefish,,
2008,NC,Bluefish,954,870.0488738
2009,NC,Bluefish,242,139.065225
2010,NC,Bluefish,275,146.5829792
2011,NC,Bluefish,2392,9590.524696
2012,NC,Bluefish,155,452.7054893
2013,NC,Bluefish,424,446.5876688
2014,NC,Bluefish,241,255.3082237
2015,NC,Bluefish,36,37.15446086
2016,NC,Bluefish,348,542.4732064
2017,NC,Bluefish,177,197.7257539
2018,NC,Bluefish,,
1991,SC,Bluefish,927,7377.341952
1992,SC,Bluefish,250,2385.39884
1993,SC,Bluefish,282,1991.896216
1994,SC,Bluefish,273,2970.835681
1995,SC,Bluefish,260,1675.445061
1996,SC,Bluefish,220,1855.275915
1997,SC,Bluefish,245,246.0796844
1998,SC,Bluefish,304,2076.333162
1999,SC,Bluefish,223,1438.580689
2000,SC,Bluefish,203,329.1718122
2001,SC,Bluefish,119,148.2827412
2002,SC,Bluefish,131,95.0632144
2003,SC,Bluefish,198,172.180822
2004,SC,Bluefish,882,1679.479516
2005,SC,Bluefish,288,924.4633046
2006,SC,Bluefish,647,445.6859792
2007,SC,Bluefish,1340,1418.595808
2008,SC,Bluefish,1779,2299.21804
2009,SC,Bluefish,698,341.4868195
2010,SC,Bluefish,584,326.4358788
2011,SC,Bluefish,2070,3686.276759
2012,SC,Bluefish,2158,11454.71609
2013,SC,Bluefish,637,670.4690344
2014,SC,Bluefish,516,562.8637368
2015,SC,Bluefish,427,493.4755269
2016,SC,Bluefish,637,889.1430876
2017,SC,Bluefish,757,847.1274396
2018,SC,Bluefish,312,221.4628975
1991,FLW_Keys/AL,Greater_Amberjack,6837,61493.59794
1992,FLW_Keys/AL,Greater_Amberjack,10529,164970.4139
1993,FLW_Keys/AL,Greater_Amberjack,7553,146033.5879
1994,FLW_Keys/AL,Greater_Amberjack,7428,117018.1652
1995,FLW_Keys/AL,Greater_Amberjack,2884,45311.06984
1996,FLW_Keys/AL,Greater_Amberjack,3422,41717.82584
1997,FLW_Keys/AL,Greater_Amberjack,3878,50729.95967
1998,FLW_Keys/AL,Greater_Amberjack,2678,48903.23358
1999,FLW_Keys/AL,Greater_Amberjack,3550,47484.29605
2000,FLW_Keys/AL,Greater_Amberjack,4269,64955.18203
2001,FLW_Keys/AL,Greater_Amberjack,2581,35971.39563
2002,FLW_Keys/AL,Greater_Amberjack,5033,68010.87354
2003,FLW_Keys/AL,Greater_Amberjack,5168,94224.55491
2004,FLW_Keys/AL,Greater_Amberjack,3318,62075.79399
2005,FLW_Keys/AL,Greater_Amberjack,2804,42352.97687
2006,FLW_Keys/AL,Greater_Amberjack,3207,48057.62953
2007,FLW_Keys/AL,Greater_Amberjack,3178,41445.39213
2008,FLW_Keys/AL,Greater_Amberjack,1995,21940.47083
2009,FLW_Keys/AL,Greater_Amberjack,3445,59828.42641
2010,FLW_Keys/AL,Greater_Amberjack,1762,39631.3382
2011,FLW_Keys/AL,Greater_Amberjack,2276,42710.27963
2012,FLW_Keys/AL,Greater_Amberjack,2714,70493.78272
2013,FLW_Keys/AL,Greater_Amberjack,1774,36722.76981
2014,FLW_Keys/AL,Greater_Amberjack,1225,24429.17817
2015,FLW_Keys/AL,Greater_Amberjack,1602,30981.85114
2016,FLW_Keys/AL,Greater_Amberjack,711,12800.80856
2017,FLW_Keys/AL,Greater_Amberjack,432,9173.009351
2018,FLW_Keys/AL,Greater_Amberjack,742,19358.78806
1991,GA/FLE,Greater_Amberjack,2565,43235.92718
1992,GA/FLE,Greater_Amberjack,4593,102307.2871
1993,GA/FLE,Greater_Amberjack,3195,72325.68966
1994,GA/FLE,Greater_Amberjack,3740,64035.06183
1995,GA/FLE,Greater_Amberjack,2109,37499.85868
1996,GA/FLE,Greater_Amberjack,2340,45222.5764
1997,GA/FLE,Greater_Amberjack,912,13860.29162
1998,GA/FLE,Greater_Amberjack,1335,21955.89876
1999,GA/FLE,Greater_Amberjack,2989,49186.37293
2000,GA/FLE,Greater_Amberjack,3512,76478.92919
2001,GA/FLE,Greater_Amberjack,2703,60060.61698
2002,GA/FLE,Greater_Amberjack,3245,48781.64879
2003,GA/FLE,Greater_Amberjack,4207,82497.85043
2004,GA/FLE,Greater_Amberjack,1188,26454.73452
2005,GA/FLE,Greater_Amberjack,942,11819.12214
2006,GA/FLE,Greater_Amberjack,1190,17385.23649
2007,GA/FLE,Greater_Amberjack,2424,42825.11829
2008,GA/FLE,Greater_Amberjack,2008,41370.54969
2009,GA/FLE,Greater_Amberjack,2098,48153.98906
2010,GA/FLE,Greater_Amberjack,1471,29644.87698
2011,GA/FLE,Greater_Amberjack,572,17290.96253
2012,GA/FLE,Greater_Amberjack,827,13785.49988
2013,GA/FLE,Greater_Amberjack,2287,40462.06106
2014,GA/FLE,Greater_Amberjack,1576,26842.64623
2015,GA/FLE,Greater_Amberjack,2932,54366.86396
2016,GA/FLE,Greater_Amberjack,3475,50875.39845
2017,GA/FLE,Greater_Amberjack,1474,29801.68719
2018,GA/FLE,Greater_Amberjack,378,5870.770783
1991,LA/MS,Greater_Amberjack,1097,15281.08102
1992,LA/MS,Greater_Amberjack,3932,70637.08302
1993,LA/MS,Greater_Amberjack,2989,48158.11611
1994,LA/MS,Greater_Amberjack,1697,30741.35356
1995,LA/MS,Greater_Amberjack,1456,22729.9188
1996,LA/MS,Greater_Amberjack,3841,56685.36581
1997,LA/MS,Greater_Amberjack,945,15849.03523
1998,LA/MS,Greater_Amberjack,663,12171.17791
1999,LA/MS,Greater_Amberjack,990,14955.32637
2000,LA/MS,Greater_Amberjack,,
2001,LA/MS,Greater_Amberjack,,
2002,LA/MS,Greater_Amberjack,2167,41090.98624
2003,LA/MS,Greater_Amberjack,,
2007,LA/MS,Greater_Amberjack,145,833.1589673
2008,LA/MS,Greater_Amberjack,1427,17001.18287
2009,LA/MS,Greater_Amberjack,1263,27246.19531
2010,LA/MS,Greater_Amberjack,123,2485.435677
2011,LA/MS,Greater_Amberjack,314,7986.180835
2012,LA/MS,Greater_Amberjack,353,10390.41595
2013,LA/MS,Greater_Amberjack,,
2014,LA/MS,Greater_Amberjack,,
2015,LA/MS,Greater_Amberjack,,
2016,LA/MS,Greater_Amberjack,53,993.6156201
2018,LA/MS,Greater_Amberjack,131,4136.433707
1991,NC,Greater_Amberjack,1832,35034.93919
1992,NC,Greater_Amberjack,1529,28787.46499
1993,NC,Greater_Amberjack,835,18032.57906
1994,NC,Greater_Amberjack,587,15352.35639
1995,NC,Greater_Amberjack,695,12089.38651
1996,NC,Greater_Amberjack,736,14055.99573
1997,NC,Greater_Amberjack,256,5329.227926
1998,NC,Greater_Amberjack,263,4506.507834
1999,NC,Greater_Amberjack,283,3244.451069
2000,NC,Greater_Amberjack,487,12154.29052
2001,NC,Greater_Amberjack,295,6303.515643
2002,NC,Greater_Amberjack,264,3047.71078
2003,NC,Greater_Amberjack,223,4473.019657
2004,NC,Greater_Amberjack,746,16287.29164
2005,NC,Greater_Amberjack,316,4619.031639
2006,NC,Greater_Amberjack,361,4542.354956
2007,NC,Greater_Amberjack,379,7680.794667
2008,NC,Greater_Amberjack,414,5724.441335
2009,NC,Greater_Amberjack,480,10027.5377
2010,NC,Greater_Amberjack,149,4143.953666
2011,NC,Greater_Amberjack,187,2850.690505
2012,NC,Greater_Amberjack,487,7773.554054
2013,NC,Greater_Amberjack,490,10156.39553
2014,NC,Greater_Amberjack,727,14792.80178
2015,NC,Greater_Amberjack,1059,18554.24947
2016,NC,Greater_Amberjack,896,19532.76565
2017,NC,Greater_Amberjack,577,10926.23561
2018,NC,Greater_Amberjack,303,5363.560473
1991,SC,Greater_Amberjack,3800,58881.29961
1992,SC,Greater_Amberjack,1237,17637.44502
1993,SC,Greater_Amberjack,1858,32657.03606
1994,SC,Greater_Amberjack,2032,31226.85497
1995,SC,Greater_Amberjack,1655,26613.46716
1996,SC,Greater_Amberjack,1780,29755.22703
1997,SC,Greater_Amberjack,1417,27983.55031
1998,SC,Greater_Amberjack,1771,25787.57242
1999,SC,Greater_Amberjack,1327,15130.77003
2000,SC,Greater_Amberjack,1681,40922.9501
2001,SC,Greater_Amberjack,1678,27600.10075
2002,SC,Greater_Amberjack,2043,33545.057
2003,SC,Greater_Amberjack,2520,45641.65261
2004,SC,Greater_Amberjack,1586,35176.21124
2005,SC,Greater_Amberjack,846,11045.78554
2006,SC,Greater_Amberjack,814,15401.65169
2007,SC,Greater_Amberjack,3299,62370.39295
2008,SC,Greater_Amberjack,1859,26235.60632
2009,SC,Greater_Amberjack,1807,28771.89376
2010,SC,Greater_Amberjack,1641,35138.13525
2011,SC,Greater_Amberjack,1073,12510.58798
2012,SC,Greater_Amberjack,1016,18933.00319
2013,SC,Greater_Amberjack,1327,28915.27563
2014,SC,Greater_Amberjack,1348,29674.64597
2015,SC,Greater_Amberjack,1185,24465.38023
2016,SC,Greater_Amberjack,1148,28199.12907
2017,SC,Greater_Amberjack,1372,26115.15911
2018,SC,Greater_Amberjack,923,15213.15888
1991,TX,Greater_Amberjack,2430,32256.98571
1992,TX,Greater_Amberjack,5902,84906.39778
1993,TX,Greater_Amberjack,4689,65633.19087
1994,TX,Greater_Amberjack,4543,75324.43583
1995,TX,Greater_Amberjack,4486,78644.06444
1996,TX,Greater_Amberjack,3444,44826.71483
1997,TX,Greater_Amberjack,2942,61914.85673
1998,TX,Greater_Amberjack,1898,28968.55248
1999,TX,Greater_Amberjack,880,13072.86749
2000,TX,Greater_Amberjack,1653,33500.98664
2001,TX,Greater_Amberjack,1482,25541.58092
2002,TX,Greater_Amberjack,3658,53304.53695
2003,TX,Greater_Amberjack,4309,59069.90485
2004,TX,Greater_Amberjack,3160,51391.985
2005,TX,Greater_Amberjack,1943,24886.41195
2006,TX,Greater_Amberjack,2028,34288.05803
2007,TX,Greater_Amberjack,1360,18726.89106
2008,TX,Greater_Amberjack,1572,17299.45031
2009,TX,Greater_Amberjack,922,18379.10784
2010,TX,Greater_Amberjack,929,16857.45267
2011,TX,Greater_Amberjack,708,15648.19875
2012,TX,Greater_Amberjack,984,23236.30017
2013,TX,Greater_Amberjack,880,25314.93275
2014,TX,Greater_Amberjack,508,13970.00233
2015,TX,Greater_Amberjack,1124,26346.17242
2016,TX,Greater_Amberjack,515,12714.80634
2017,TX,Greater_Amberjack,459,15271.55486
2018,TX,Greater_Amberjack,1171,37434.36823
1991,FLW_Keys/AL,King_Mackerel,5484,36302.265
1992,FLW_Keys/AL,King_Mackerel,3931,27922.61461
1993,FLW_Keys/AL,King_Mackerel,9943,72516.89635
1994,FLW_Keys/AL,King_Mackerel,10005,78386.01367
1995,FLW_Keys/AL,King_Mackerel,5613,44571.53006
1996,FLW_Keys/AL,King_Mackerel,7389,48942.43172
1997,FLW_Keys/AL,King_Mackerel,7497,50823.50169
1998,FLW_Keys/AL,King_Mackerel,6121,37908.24248
1999,FLW_Keys/AL,King_Mackerel,2900,18753.40161
2000,FLW_Keys/AL,King_Mackerel,3114,21255.93191
2001,FLW_Keys/AL,King_Mackerel,4559,31607.24011
2002,FLW_Keys/AL,King_Mackerel,5900,38503.33556
2003,FLW_Keys/AL,King_Mackerel,4683,31946.88387
2004,FLW_Keys/AL,King_Mackerel,2938,23897.70601
2005,FLW_Keys/AL,King_Mackerel,3886,21017.21566
2006,FLW_Keys/AL,King_Mackerel,4238,29428.63462
2007,FLW_Keys/AL,King_Mackerel,3978,35331.44515
2008,FLW_Keys/AL,King_Mackerel,2866,22847.49559
2009,FLW_Keys/AL,King_Mackerel,4683,40397.29153
2010,FLW_Keys/AL,King_Mackerel,2977,25534.06096
2011,FLW_Keys/AL,King_Mackerel,3309,32246.10592
2012,FLW_Keys/AL,King_Mackerel,3510,35189.26921
2013,FLW_Keys/AL,King_Mackerel,1348,11825.5442
2014,FLW_Keys/AL,King_Mackerel,1340,11854.60771
2015,FLW_Keys/AL,King_Mackerel,1993,16493.92846
2016,FLW_Keys/AL,King_Mackerel,2206,23303.36251
2017,FLW_Keys/AL,King_Mackerel,1450,12262.60571
2018,FLW_Keys/AL,King_Mackerel,1383,11595.45242
1991,GA/FLE,King_Mackerel,51168,282864.0337
1992,GA/FLE,King_Mackerel,28749,174527.9927
1993,GA/FLE,King_Mackerel,30239,189104.9622
1994,GA/FLE,King_Mackerel,32515,202659.1864
1995,GA/FLE,King_Mackerel,25814,163302.3543
1996,GA/FLE,King_Mackerel,44369,210279.1909
1997,GA/FLE,King_Mackerel,29637,184830.8875
1998,GA/FLE,King_Mackerel,24165,154454.8394
1999,GA/FLE,King_Mackerel,25188,155119.0033
2000,GA/FLE,King_Mackerel,24978,170826.568
2001,GA/FLE,King_Mackerel,13853,99801.53803
2002,GA/FLE,King_Mackerel,10242,77477.75432
2003,GA/FLE,King_Mackerel,10484,71158.05677
2004,GA/FLE,King_Mackerel,15893,131509.6175
2005,GA/FLE,King_Mackerel,32322,209268.3947
2006,GA/FLE,King_Mackerel,26322,170909.7704
2007,GA/FLE,King_Mackerel,27516,210681.8207
2008,GA/FLE,King_Mackerel,12334,90623.56387
2009,GA/FLE,King_Mackerel,15242,127980.1553
2010,GA/FLE,King_Mackerel,16384,131064.5488
2011,GA/FLE,King_Mackerel,8631,71701.20239
2012,GA/FLE,King_Mackerel,7220,66960.38092
2013,GA/FLE,King_Mackerel,4623,53297.4535
2014,GA/FLE,King_Mackerel,8210,87593.44596
2015,GA/FLE,King_Mackerel,10256,77841.23443
2016,GA/FLE,King_Mackerel,9180,78265.4408
2017,GA/FLE,King_Mackerel,6792,45309.45165
2018,GA/FLE,King_Mackerel,7571,58190.15785
1991,LA/MS,King_Mackerel,623,7485.169916
1992,LA/MS,King_Mackerel,1219,15545.10631
1993,LA/MS,King_Mackerel,1042,15590.03647
1994,LA/MS,King_Mackerel,1563,21576.48366
1995,LA/MS,King_Mackerel,1398,19044.69805
1996,LA/MS,King_Mackerel,1304,21465.26058
1997,LA/MS,King_Mackerel,1229,18524.36364
1998,LA/MS,King_Mackerel,992,16123.5986
1999,LA/MS,King_Mackerel,1527,26402.948
2000,LA/MS,King_Mackerel,562,8312.365387
2001,LA/MS,King_Mackerel,,
2002,LA/MS,King_Mackerel,187,2425.54497
2003,LA/MS,King_Mackerel,,
2007,LA/MS,King_Mackerel,754,7735.381059
2008,LA/MS,King_Mackerel,350,3584.176397
2009,LA/MS,King_Mackerel,362,3838.424199
2010,LA/MS,King_Mackerel,193,1782.481567
2011,LA/MS,King_Mackerel,528,7487.901441
2012,LA/MS,King_Mackerel,544,6768.692667
2013,LA/MS,King_Mackerel,63,763.7134373
2014,LA/MS,King_Mackerel,115,1480.078251
2015,LA/MS,King_Mackerel,134,1244.166274
2016,LA/MS,King_Mackerel,25,293.3004402
2017,LA/MS,King_Mackerel,24,172.7584324
2018,LA/MS,King_Mackerel,49,583.8914024
1991,NC,King_Mackerel,2195,16721.88838
1992,NC,King_Mackerel,2137,18297.24369
1993,NC,King_Mackerel,1359,10763.92487
1994,NC,King_Mackerel,913,7346.587503
1995,NC,King_Mackerel,1064,9826.322033
1996,NC,King_Mackerel,691,6179.219167
1997,NC,King_Mackerel,1504,14441.7381
1998,NC,King_Mackerel,952,10374.19215
1999,NC,King_Mackerel,1130,12859.9012
2000,NC,King_Mackerel,1020,9161.629103
2001,NC,King_Mackerel,388,4089.74647
2002,NC,King_Mackerel,164,1675.621431
2003,NC,King_Mackerel,192,1386.948488
2004,NC,King_Mackerel,1024,8729.567675
2005,NC,King_Mackerel,1285,6389.16513
2006,NC,King_Mackerel,796,6353.670748
2007,NC,King_Mackerel,761,4669.684988
2008,NC,King_Mackerel,344,2896.707538
2009,NC,King_Mackerel,145,1297.074949
2010,NC,King_Mackerel,118,1515.572633
2011,NC,King_Mackerel,55,720.754212
2012,NC,King_Mackerel,97,1461.993753
2013,NC,King_Mackerel,146,1741.453589
2014,NC,King_Mackerel,114,1357.737273
2015,NC,King_Mackerel,156,2456.775617
2016,NC,King_Mackerel,103,1062.159461
2017,NC,King_Mackerel,107,802.1289408
2018,NC,King_Mackerel,165,1112.021351
1991,SC,King_Mackerel,2440,27906.65316
1992,SC,King_Mackerel,1854,14254.10289
1993,SC,King_Mackerel,1200,10399.01617
1994,SC,King_Mackerel,1232,10873.95746
1995,SC,King_Mackerel,1141,11808.51792
1996,SC,King_Mackerel,767,6176.992501
1997,SC,King_Mackerel,2491,14612.99298
1998,SC,King_Mackerel,3018,25438.86767
1999,SC,King_Mackerel,1324,10526.37707
2000,SC,King_Mackerel,3869,34322.86898
2001,SC,King_Mackerel,2214,24020.37107
2002,SC,King_Mackerel,1397,13052.89363
2003,SC,King_Mackerel,973,7241.823961
2004,SC,King_Mackerel,1536,13556.51703
2005,SC,King_Mackerel,1178,6026.262631
2006,SC,King_Mackerel,2045,19063.9003
2007,SC,King_Mackerel,4472,34450.08658
2008,SC,King_Mackerel,2002,15740.4599
2009,SC,King_Mackerel,1957,19152.74869
2010,SC,King_Mackerel,1197,13991.26368
2011,SC,King_Mackerel,793,9843.45193
2012,SC,King_Mackerel,449,7592.336495
2013,SC,King_Mackerel,507,6944.142941
2014,SC,King_Mackerel,499,6898.366211
2015,SC,King_Mackerel,327,5295.089385
2016,SC,King_Mackerel,450,4697.650593
2017,SC,King_Mackerel,1354,10506.40762
2018,SC,King_Mackerel,1573,11188.62728
1991,TX,King_Mackerel,10061,106462.5769
1992,TX,King_Mackerel,15453,134192.9045
1993,TX,King_Mackerel,12023,117831.5377
1994,TX,King_Mackerel,14715,122490.3848
1995,TX,King_Mackerel,18758,177612.0356
1996,TX,King_Mackerel,16463,153285.487
1997,TX,King_Mackerel,18183,143620.7856
1998,TX,King_Mackerel,12320,98325.10401
1999,TX,King_Mackerel,16557,137307.3051
2000,TX,King_Mackerel,13869,118560.7598
2001,TX,King_Mackerel,11641,127616.7656
2002,TX,King_Mackerel,12911,106616.5696
2003,TX,King_Mackerel,19901,168180.1863
2004,TX,King_Mackerel,16337,146123.0293
2005,TX,King_Mackerel,17651,153913.3407
2006,TX,King_Mackerel,21694,196823.9982
2007,TX,King_Mackerel,17952,172618.6066
2008,TX,King_Mackerel,10704,85839.09534
2009,TX,King_Mackerel,17269,193181.7764
2010,TX,King_Mackerel,14119,149115.6334
2011,TX,King_Mackerel,15211,145261.8695
2012,TX,King_Mackerel,12679,140387.7875
2013,TX,King_Mackerel,9075,97697.00557
2014,TX,King_Mackerel,10715,116994.6419
2015,TX,King_Mackerel,7093,76709.84329
2016,TX,King_Mackerel,8392,85426.54921
2017,TX,King_Mackerel,10499,117433.7868
2018,TX,King_Mackerel,6918,75758.19041
1991,FLW_Keys/AL,Red_Drum,,
1992,FLW_Keys/AL,Red_Drum,53,315.3267986
1993,FLW_Keys/AL,Red_Drum,54,368.392002
1995,FLW_Keys/AL,Red_Drum,,
1997,FLW_Keys/AL,Red_Drum,,
1998,FLW_Keys/AL,Red_Drum,13,116.3598436
1999,FLW_Keys/AL,Red_Drum,,
2000,FLW_Keys/AL,Red_Drum,,
2001,FLW_Keys/AL,Red_Drum,,
2002,FLW_Keys/AL,Red_Drum,,
2003,FLW_Keys/AL,Red_Drum,,
2005,FLW_Keys/AL,Red_Drum,5,65.146521
2006,FLW_Keys/AL,Red_Drum,23,123.7232744
2007,FLW_Keys/AL,Red_Drum,6,40.29163512
2008,FLW_Keys/AL,Red_Drum,,
2009,FLW_Keys/AL,Red_Drum,36,395.4118247
2010,FLW_Keys/AL,Red_Drum,,
2011,FLW_Keys/AL,Red_Drum,,
2012,FLW_Keys/AL,Red_Drum,,
2014,FLW_Keys/AL,Red_Drum,,
1991,GA/FLE,Red_Drum,,
1996,GA/FLE,Red_Drum,13,91.6901458
1997,GA/FLE,Red_Drum,,
1998,GA/FLE,Red_Drum,14,121.3863772
1999,GA/FLE,Red_Drum,,
2000,GA/FLE,Red_Drum,34,288.2981574
2001,GA/FLE,Red_Drum,,
2002,GA/FLE,Red_Drum,10,73.8988624
2003,GA/FLE,Red_Drum,30,402.894305
2004,GA/FLE,Red_Drum,16,178.4198966
2005,GA/FLE,Red_Drum,23,192.1105868
2006,GA/FLE,Red_Drum,18,84.0180682
2007,GA/FLE,Red_Drum,10,49.61938234
2008,GA/FLE,Red_Drum,145,977.7930624
2009,GA/FLE,Red_Drum,,
2010,GA/FLE,Red_Drum,,
2013,GA/FLE,Red_Drum,,
2016,GA/FLE,Red_Drum,14,193.7287779
2017,GA/FLE,Red_Drum,,
2018,GA/FLE,Red_Drum,,
1991,LA/MS,Red_Drum,1064,7769.345434
1992,LA/MS,Red_Drum,1653,11220.34735
1993,LA/MS,Red_Drum,3541,24211.42344
1994,LA/MS,Red_Drum,2449,19565.4293
1995,LA/MS,Red_Drum,4346,32737.06377
1996,LA/MS,Red_Drum,5932,45236.11276
1997,LA/MS,Red_Drum,,
1998,LA/MS,Red_Drum,,
1999,LA/MS,Red_Drum,,
2000,LA/MS,Red_Drum,,
2001,LA/MS,Red_Drum,,
2002,LA/MS,Red_Drum,21,241.2736128
2007,LA/MS,Red_Drum,,
2008,LA/MS,Red_Drum,,
2009,LA/MS,Red_Drum,670,7078.404299
2010,LA/MS,Red_Drum,392,4204.889363
2011,LA/MS,Red_Drum,1223,15519.55477
2012,LA/MS,Red_Drum,688,10897.70562
2013,LA/MS,Red_Drum,1218,23798.7781
2014,LA/MS,Red_Drum,960,18658.64043
2015,LA/MS,Red_Drum,909,13853.97979
2016,LA/MS,Red_Drum,779,11470.44385
2017,LA/MS,Red_Drum,761,10993.9417
2018,LA/MS,Red_Drum,439,6916.713059
1999,NC,Red_Drum,,
2001,NC,Red_Drum,,
2004,NC,Red_Drum,,
2007,NC,Red_Drum,,
2015,NC,Red_Drum,,
2018,NC,Red_Drum,,
1991,SC,Red_Drum,446,3192.796823
1992,SC,Red_Drum,,
1993,SC,Red_Drum,,
1994,SC,Red_Drum,,
1995,SC,Red_Drum,,
1996,SC,Red_Drum,5,35.0093656
1997,SC,Red_Drum,,
1998,SC,Red_Drum,,
2000,SC,Red_Drum,,
2001,SC,Red_Drum,,
2002,SC,Red_Drum,,
2005,SC,Red_Drum,,
2007,SC,Red_Drum,,
2008,SC,Red_Drum,,
2009,SC,Red_Drum,,
2010,SC,Red_Drum,,
2011,SC,Red_Drum,,
2012,SC,Red_Drum,,
2013,SC,Red_Drum,,
2014,SC,Red_Drum,,
2015,SC,Red_Drum,,
2016,SC,Red_Drum,,
2017,SC,Red_Drum,,
1991,TX,Red_Drum,30,222.4902504
1992,TX,Red_Drum,,
1993,TX,Red_Drum,5,39.0438202
1995,TX,Red_Drum,,
1996,TX,Red_Drum,,
1997,TX,Red_Drum,,
1998,TX,Red_Drum,,
2000,TX,Red_Drum,,
2001,TX,Red_Drum,,
2002,TX,Red_Drum,,
2003,TX,Red_Drum,49,496.4583778
2004,TX,Red_Drum,,
2005,TX,Red_Drum,18,234.5054294
2006,TX,Red_Drum,93,1289.504284
2007,TX,Red_Drum,162,1105.266395
2008,TX,Red_Drum,21,150.9304898
2009,TX,Red_Drum,140,1537.720245
2010,TX,Red_Drum,,
2011,TX,Red_Drum,40,126.104264
2012,TX,Red_Drum,8,115.9740351
2013,TX,Red_Drum,,
2014,TX,Red_Drum,83,1951.004924
2015,TX,Red_Drum,40,522.3097519
2016,TX,Red_Drum,41,607.3353315
2017,TX,Red_Drum,72,958.7671918
2018,TX,Red_Drum,183,2878.481945
1991,FLW_Keys/AL,Red_Grouper,11391,80040.7794
1992,FLW_Keys/AL,Red_Grouper,13787,88255.92104
1993,FLW_Keys/AL,Red_Grouper,19114,198509.8932
1994,FLW_Keys/AL,Red_Grouper,20586,135131.9404
1995,FLW_Keys/AL,Red_Grouper,17853,113607.6401
1996,FLW_Keys/AL,Red_Grouper,16041,85954.31981
1997,FLW_Keys/AL,Red_Grouper,15692,86752.92136
1998,FLW_Keys/AL,Red_Grouper,35161,189855.7456
1999,FLW_Keys/AL,Red_Grouper,31680,165194.2049
2000,FLW_Keys/AL,Red_Grouper,30766,200458.7993
2001,FLW_Keys/AL,Red_Grouper,14442,116753.4565
2002,FLW_Keys/AL,Red_Grouper,11435,79589.9787
2003,FLW_Keys/AL,Red_Grouper,16327,110288.4965
2004,FLW_Keys/AL,Red_Grouper,27661,218361.3499
2005,FLW_Keys/AL,Red_Grouper,19577,141497.9129
2006,FLW_Keys/AL,Red_Grouper,7287,54546.11279
2007,FLW_Keys/AL,Red_Grouper,11798,83948.53449
2008,FLW_Keys/AL,Red_Grouper,10471,75152.90758
2009,FLW_Keys/AL,Red_Grouper,9383,64598.88898
2010,FLW_Keys/AL,Red_Grouper,11026,72378.16403
2011,FLW_Keys/AL,Red_Grouper,5127,50367.454
2012,FLW_Keys/AL,Red_Grouper,5239,45219.53402
2013,FLW_Keys/AL,Red_Grouper,4965,33158.24098
2014,FLW_Keys/AL,Red_Grouper,6061,41094.44749
2015,FLW_Keys/AL,Red_Grouper,3514,34509.78328
2016,FLW_Keys/AL,Red_Grouper,2164,20812.42851
2017,FLW_Keys/AL,Red_Grouper,2691,23777.2103
2018,FLW_Keys/AL,Red_Grouper,2635,24437.12362
1991,GA/FLE,Red_Grouper,4492,35810.12768
1992,GA/FLE,Red_Grouper,5273,60128.65156
1993,GA/FLE,Red_Grouper,4795,66454.76455
1994,GA/FLE,Red_Grouper,4022,46640.43366
1995,GA/FLE,Red_Grouper,5018,56286.96893
1996,GA/FLE,Red_Grouper,3283,35148.6094
1997,GA/FLE,Red_Grouper,3505,32948.92775
1998,GA/FLE,Red_Grouper,3811,30348.79892
1999,GA/FLE,Red_Grouper,2862,28450.75338
2000,GA/FLE,Red_Grouper,3112,28050.72508
2001,GA/FLE,Red_Grouper,2024,22223.67191
2002,GA/FLE,Red_Grouper,1566,21424.47511
2003,GA/FLE,Red_Grouper,941,12371.9747
2004,GA/FLE,Red_Grouper,1436,16574.02451
2005,GA/FLE,Red_Grouper,2135,21913.96689
2006,GA/FLE,Red_Grouper,1265,15757.96237
2007,GA/FLE,Red_Grouper,2143,23341.1056
2008,GA/FLE,Red_Grouper,1270,19607.00843
2009,GA/FLE,Red_Grouper,1487,17162.23036
2010,GA/FLE,Red_Grouper,946,10067.43912
2011,GA/FLE,Red_Grouper,798,14471.20284
2012,GA/FLE,Red_Grouper,373,5038.467208
2013,GA/FLE,Red_Grouper,346,4522.495739
2014,GA/FLE,Red_Grouper,183,2418.406411
2015,GA/FLE,Red_Grouper,139,2277.14318
2016,GA/FLE,Red_Grouper,135,2104.501592
2017,GA/FLE,Red_Grouper,124,1650.371918
2018,GA/FLE,Red_Grouper,134,1254.521374
1991,LA/MS,Red_Grouper,10,123.0398422
1992,LA/MS,Red_Grouper,19,150.1566682
1993,LA/MS,Red_Grouper,260,2601.319323
1994,LA/MS,Red_Grouper,103,1156.014543
1995,LA/MS,Red_Grouper,167,1053.742221
1996,LA/MS,Red_Grouper,196,1520.945292
1997,LA/MS,Red_Grouper,81,530.872496
1998,LA/MS,Red_Grouper,604,3665.048473
1999,LA/MS,Red_Grouper,484,2995.15264
2000,LA/MS,Red_Grouper,,
2001,LA/MS,Red_Grouper,,
2002,LA/MS,Red_Grouper,101,838.086293
2003,LA/MS,Red_Grouper,,
2007,LA/MS,Red_Grouper,11,76.28646586
2008,LA/MS,Red_Grouper,65,744.43624
2009,LA/MS,Red_Grouper,22,414.6339065
2010,LA/MS,Red_Grouper,,
2011,LA/MS,Red_Grouper,,
2012,LA/MS,Red_Grouper,14,155.9548188
2013,LA/MS,Red_Grouper,,
2016,LA/MS,Red_Grouper,3,31.40040266
2017,LA/MS,Red_Grouper,,
2018,LA/MS,Red_Grouper,,
1991,NC,Red_Grouper,5455,36907.08045
1992,NC,Red_Grouper,6146,40909.54601
1993,NC,Red_Grouper,4842,34963.44337
1994,NC,Red_Grouper,4384,32559.96664
1995,NC,Red_Grouper,4256,38607.39362
1996,NC,Red_Grouper,3302,21863.21654
1997,NC,Red_Grouper,2667,22072.0161
1998,NC,Red_Grouper,3718,29407.66869
1999,NC,Red_Grouper,1278,13921.97688
2000,NC,Red_Grouper,1924,21127.88759
2001,NC,Red_Grouper,1736,17163.95878
2002,NC,Red_Grouper,1648,13098.57336
2003,NC,Red_Grouper,1661,13116.84966
2004,NC,Red_Grouper,1804,18574.60693
2005,NC,Red_Grouper,2182,24028.90295
2006,NC,Red_Grouper,1636,18676.15173
2007,NC,Red_Grouper,1876,18654.14962
2008,NC,Red_Grouper,924,9777.308921
2009,NC,Red_Grouper,951,8010.451496
2010,NC,Red_Grouper,1293,11518.7559
2011,NC,Red_Grouper,932,7893.467745
2012,NC,Red_Grouper,1250,10458.66216
2013,NC,Red_Grouper,601,6015.173393
2014,NC,Red_Grouper,383,3801.807665
2015,NC,Red_Grouper,388,4547.456446
2016,NC,Red_Grouper,227,2600.380155
2017,NC,Red_Grouper,293,2347.732907
2018,NC,Red_Grouper,311,3009.458419
1991,SC,Red_Grouper,3504,40439.93991
1992,SC,Red_Grouper,2358,21860.74737
1993,SC,Red_Grouper,1793,14967.27541
1994,SC,Red_Grouper,1113,12976.96652
1995,SC,Red_Grouper,881,13623.14064
1996,SC,Red_Grouper,587,7776.79705
1997,SC,Red_Grouper,390,4902.633956
1998,SC,Red_Grouper,595,8576.368632
1999,SC,Red_Grouper,913,12482.91118
2000,SC,Red_Grouper,758,9640.670983
2001,SC,Red_Grouper,1210,11588.84958
2002,SC,Red_Grouper,1227,14205.31465
2003,SC,Red_Grouper,249,2831.349374
2004,SC,Red_Grouper,1237,12324.20059
2005,SC,Red_Grouper,711,8222.505075
2006,SC,Red_Grouper,1008,13206.13677
2007,SC,Red_Grouper,1846,25711.31902
2008,SC,Red_Grouper,700,7651.726753
2009,SC,Red_Grouper,488,5611.291418
2010,SC,Red_Grouper,973,10226.61489
2011,SC,Red_Grouper,828,7157.594249
2012,SC,Red_Grouper,422,3955.443224
2013,SC,Red_Grouper,329,3829.965072
2014,SC,Red_Grouper,378,4403.018562
2015,SC,Red_Grouper,231,3246.051623
2016,SC,Red_Grouper,181,2524.426586
2017,SC,Red_Grouper,173,1566.12016
2018,SC,Red_Grouper,335,3402.546574
1991,TX,Red_Grouper,151,910.7726144
1992,TX,Red_Grouper,149,861.4993574
1993,TX,Red_Grouper,329,3048.614675
1994,TX,Red_Grouper,167,1101.317921
1995,TX,Red_Grouper,182,1454.784646
1996,TX,Red_Grouper,155,1201.606085
1997,TX,Red_Grouper,142,827.0191006
1998,TX,Red_Grouper,1100,11682.50184
1999,TX,Red_Grouper,235,1558.908848
2000,TX,Red_Grouper,166,1066.551064
2001,TX,Red_Grouper,147,1162.253618
2002,TX,Red_Grouper,215,1248.167659
2003,TX,Red_Grouper,327,2459.584303
2004,TX,Red_Grouper,140,904.99651
2005,TX,Red_Grouper,226,1430.62201
2006,TX,Red_Grouper,170,1965.065991
2007,TX,Red_Grouper,170,1298.69314
2008,TX,Red_Grouper,153,978.189894
2009,TX,Red_Grouper,153,3013.964662
2010,TX,Red_Grouper,122,827.6716681
2011,TX,Red_Grouper,34,344.0574064
2012,TX,Red_Grouper,55,595.357631
2013,TX,Red_Grouper,30,430.6306292
2014,TX,Red_Grouper,13,182.9592092
2015,TX,Red_Grouper,16,183.5875259
2016,TX,Red_Grouper,36,308.3381532
2017,TX,Red_Grouper,16,139.8610928
2018,TX,Red_Grouper,25,480.2808762
1991,FLW_Keys/AL,Red_Porgy,131301,84941.07646
1992,FLW_Keys/AL,Red_Porgy,127301,88298.53635
1993,FLW_Keys/AL,Red_Porgy,144217,99326.00149
1994,FLW_Keys/AL,Red_Porgy,160729,91708.24573
1995,FLW_Keys/AL,Red_Porgy,158115,101826.5256
1996,FLW_Keys/AL,Red_Porgy,134900,80789.55653
1997,FLW_Keys/AL,Red_Porgy,102846,58413.72175
1998,FLW_Keys/AL,Red_Porgy,77019,46159.95877
1999,FLW_Keys/AL,Red_Porgy,47191,28886.07764
2000,FLW_Keys/AL,Red_Porgy,35000,25118.00728
2001,FLW_Keys/AL,Red_Porgy,50713,37914.98862
2002,FLW_Keys/AL,Red_Porgy,43785,35596.01498
2003,FLW_Keys/AL,Red_Porgy,55030,45891.36992
2004,FLW_Keys/AL,Red_Porgy,50807,43638.20419
2005,FLW_Keys/AL,Red_Porgy,45173,30738.81824
2006,FLW_Keys/AL,Red_Porgy,65295,48896.53153
2007,FLW_Keys/AL,Red_Porgy,81718,60180.84153
2008,FLW_Keys/AL,Red_Porgy,98192,73116.2223
2009,FLW_Keys/AL,Red_Porgy,92613,76171.6713
2010,FLW_Keys/AL,Red_Porgy,95027,75996.63108
2011,FLW_Keys/AL,Red_Porgy,146002,118123.5021
2012,FLW_Keys/AL,Red_Porgy,197224,148425.0626
2013,FLW_Keys/AL,Red_Porgy,23784,18992.21267
2014,FLW_Keys/AL,Red_Porgy,13189,10614.25322
2015,FLW_Keys/AL,Red_Porgy,11990,10806.34617
2016,FLW_Keys/AL,Red_Porgy,16318,13226.96382
2017,FLW_Keys/AL,Red_Porgy,10662,13768.44935
2018,FLW_Keys/AL,Red_Porgy,10042,14486.42574
1991,GA/FLE,Red_Porgy,2587,4259.14947
1992,GA/FLE,Red_Porgy,4660,4792.072263
1993,GA/FLE,Red_Porgy,2925,3593.177861
1994,GA/FLE,Red_Porgy,2511,2915.676089
1995,GA/FLE,Red_Porgy,3842,4663.168132
1996,GA/FLE,Red_Porgy,3683,4475.003815
1997,GA/FLE,Red_Porgy,3995,5321.114924
1998,GA/FLE,Red_Porgy,3115,3663.703655
1999,GA/FLE,Red_Porgy,1066,1420.613036
2000,GA/FLE,Red_Porgy,175,300.159013
2001,GA/FLE,Red_Porgy,297,427.9828806
2002,GA/FLE,Red_Porgy,553,741.3475674
2003,GA/FLE,Red_Porgy,819,1206.786942
2004,GA/FLE,Red_Porgy,1047,2435.862592
2005,GA/FLE,Red_Porgy,709,1172.483055
2006,GA/FLE,Red_Porgy,488,775.254623
2007,GA/FLE,Red_Porgy,603,988.9594627
2008,GA/FLE,Red_Porgy,616,1187.639817
2009,GA/FLE,Red_Porgy,701,1129.400371
2010,GA/FLE,Red_Porgy,661,1211.753951
2011,GA/FLE,Red_Porgy,746,1173.556705
2012,GA/FLE,Red_Porgy,876,1128.562615
2013,GA/FLE,Red_Porgy,650,1808.511515
2014,GA/FLE,Red_Porgy,404,1007.811168
2015,GA/FLE,Red_Porgy,1128,1868.417655
2016,GA/FLE,Red_Porgy,1363,2661.377581
2017,GA/FLE,Red_Porgy,1152,2101.333553
2018,GA/FLE,Red_Porgy,368,942.2479741
1991,LA/MS,Red_Porgy,,
1992,LA/MS,Red_Porgy,,
1993,LA/MS,Red_Porgy,,
1994,LA/MS,Red_Porgy,,
2000,LA/MS,Red_Porgy,,
2008,LA/MS,Red_Porgy,,
2009,LA/MS,Red_Porgy,,
2012,LA/MS,Red_Porgy,,
2013,LA/MS,Red_Porgy,,
2017,LA/MS,Red_Porgy,,
2018,LA/MS,Red_Porgy,,
1991,NC,Red_Porgy,68515,70852.4303
1992,NC,Red_Porgy,47278,65804.07096
1993,NC,Red_Porgy,43801,52235.93559
1994,NC,Red_Porgy,38020,46969.47319
1995,NC,Red_Porgy,42365,56988.91994
1996,NC,Red_Porgy,33459,42886.18626
1997,NC,Red_Porgy,25261,38633.12154
1998,NC,Red_Porgy,29685,39774.62968
1999,NC,Red_Porgy,22339,34270.17856
2000,NC,Red_Porgy,5178,8781.266014
2001,NC,Red_Porgy,11888,19527.42165
2002,NC,Red_Porgy,7546,12932.08046
2003,NC,Red_Porgy,9101,16198.51159
2004,NC,Red_Porgy,9704,17601.17902
2005,NC,Red_Porgy,11615,20002.89205
2006,NC,Red_Porgy,10258,18666.49549
2007,NC,Red_Porgy,18063,27809.25305
2008,NC,Red_Porgy,10963,18224.81751
2009,NC,Red_Porgy,8862,15592.60044
2010,NC,Red_Porgy,12118,19712.15337
2011,NC,Red_Porgy,10900,20150.88819
2012,NC,Red_Porgy,12282,21563.80048
2013,NC,Red_Porgy,7330,12850.82037
2014,NC,Red_Porgy,8028,13861.93847
2015,NC,Red_Porgy,6720,12642.65133
2016,NC,Red_Porgy,7634,12532.08743
2017,NC,Red_Porgy,4715,8612.451647
2018,NC,Red_Porgy,3737,6265.448469
1991,SC,Red_Porgy,54223,57947.35644
1992,SC,Red_Porgy,33805,39110.95088
1993,SC,Red_Porgy,34717,44940.49527
1994,SC,Red_Porgy,29719,37506.20798
1995,SC,Red_Porgy,24395,31287.01905
1996,SC,Red_Porgy,27733,34821.75244
1997,SC,Red_Porgy,24535,31267.39794
1998,SC,Red_Porgy,21017,25722.27157
1999,SC,Red_Porgy,8409,12788.11877
2000,SC,Red_Porgy,2637,4747.560985
2001,SC,Red_Porgy,16642,26306.09904
2002,SC,Red_Porgy,12794,19629.20896
2003,SC,Red_Porgy,10250,17333.36178
2004,SC,Red_Porgy,12710,29271.5334
2005,SC,Red_Porgy,12394,20873.65081
2006,SC,Red_Porgy,29412,48150.46608
2007,SC,Red_Porgy,56133,88258.36817
2008,SC,Red_Porgy,20931,33157.52007
2009,SC,Red_Porgy,9906,16943.63787
2010,SC,Red_Porgy,9007,16228.06452
2011,SC,Red_Porgy,9439,17858.13189
2012,SC,Red_Porgy,10056,18386.58371
2013,SC,Red_Porgy,9731,17056.47033
2014,SC,Red_Porgy,8741,15171.98761
2015,SC,Red_Porgy,7697,14455.75066
2016,SC,Red_Porgy,6318,10523.75798
2017,SC,Red_Porgy,6466,12327.9308
2018,SC,Red_Porgy,5788,9978.021935
1991,TX,Red_Porgy,2210,1313.468504
1992,TX,Red_Porgy,86,58.6208458
1993,TX,Red_Porgy,351,241.1633818
1994,TX,Red_Porgy,13,9.3475888
1995,TX,Red_Porgy,15,9.8326052
1997,TX,Red_Porgy,13,7.2972922
1998,TX,Red_Porgy,,
1999,TX,Red_Porgy,,
2000,TX,Red_Porgy,,
2001,TX,Red_Porgy,,
2002,TX,Red_Porgy,,
2003,TX,Red_Porgy,,
2005,TX,Red_Porgy,,
2007,TX,Red_Porgy,,
2009,TX,Red_Porgy,,
2010,TX,Red_Porgy,9,6.24789308
2011,TX,Red_Porgy,,
2013,TX,Red_Porgy,,
2014,TX,Red_Porgy,,
2015,TX,Red_Porgy,,
2016,TX,Red_Porgy,,
2017,TX,Red_Porgy,,
2018,TX,Red_Porgy,,
1991,FLW_Keys/AL,Red_Snapper,15823,36223.42779
1992,FLW_Keys/AL,Red_Snapper,34172,79057.47478
1993,FLW_Keys/AL,Red_Snapper,37700,86744.78631
1994,FLW_Keys/AL,Red_Snapper,29878,89767.05577
1995,FLW_Keys/AL,Red_Snapper,23445,77490.0561
1996,FLW_Keys/AL,Red_Snapper,28535,85342.38343
1997,FLW_Keys/AL,Red_Snapper,48697,121941.0155
1998,FLW_Keys/AL,Red_Snapper,76909,184904.9407
1999,FLW_Keys/AL,Red_Snapper,67606,197006.1439
2000,FLW_Keys/AL,Red_Snapper,57754,178429.4426
2001,FLW_Keys/AL,Red_Snapper,51342,167928.9257
2002,FLW_Keys/AL,Red_Snapper,75158,217732.6363
2003,FLW_Keys/AL,Red_Snapper,71031,222200.0122
2004,FLW_Keys/AL,Red_Snapper,63508,190322.0006
2005,FLW_Keys/AL,Red_Snapper,46816,146627.0495
2006,FLW_Keys/AL,Red_Snapper,47987,126243.2212
2007,FLW_Keys/AL,Red_Snapper,63948,175152.1317
2008,FLW_Keys/AL,Red_Snapper,62141,185904.3853
2009,FLW_Keys/AL,Red_Snapper,82135,319183.907
2010,FLW_Keys/AL,Red_Snapper,35506,143629.0287
2011,FLW_Keys/AL,Red_Snapper,69748,322582.591
2012,FLW_Keys/AL,Red_Snapper,54071,279411.5833
2013,FLW_Keys/AL,Red_Snapper,13632,71910.39216
2014,FLW_Keys/AL,Red_Snapper,16151,77997.09886
2015,FLW_Keys/AL,Red_Snapper,20155,116924.7753
2016,FLW_Keys/AL,Red_Snapper,17838,86909.51111
2017,FLW_Keys/AL,Red_Snapper,25888,105804.5441
2018,FLW_Keys/AL,Red_Snapper,28199,125931.6224
1991,GA/FLE,Red_Snapper,9599,33195.71291
1992,GA/FLE,Red_Snapper,1421,9097.18806
1993,GA/FLE,Red_Snapper,1660,11408.73213
1994,GA/FLE,Red_Snapper,4324,27088.12185
1995,GA/FLE,Red_Snapper,3802,24827.43836
1996,GA/FLE,Red_Snapper,2687,18323.03774
1997,GA/FLE,Red_Snapper,3176,22186.52406
1998,GA/FLE,Red_Snapper,3450,18721.89759
1999,GA/FLE,Red_Snapper,3940,24307.01576
2000,GA/FLE,Red_Snapper,6562,36306.0349
2001,GA/FLE,Red_Snapper,6281,37956.78822
2002,GA/FLE,Red_Snapper,5912,34730.54731
2003,GA/FLE,Red_Snapper,3951,25485.16469
2004,GA/FLE,Red_Snapper,7870,51735.59708
2005,GA/FLE,Red_Snapper,7772,47039.18328
2006,GA/FLE,Red_Snapper,5504,36798.89975
2007,GA/FLE,Red_Snapper,5791,30656.79315
2008,GA/FLE,Red_Snapper,17075,105684.9148
2009,GA/FLE,Red_Snapper,20326,128992.1927
2010,GA/FLE,Red_Snapper,236,1134.336515
2011,GA/FLE,Red_Snapper,16,84.10845762
2012,GA/FLE,Red_Snapper,1618,7878.941504
2013,GA/FLE,Red_Snapper,1092,8632.498257
2014,GA/FLE,Red_Snapper,2365,19146.07751
2015,GA/FLE,Red_Snapper,246,1315.166061
2016,GA/FLE,Red_Snapper,20,111.4214948
2017,GA/FLE,Red_Snapper,1701,12458.72429
2018,GA/FLE,Red_Snapper,3974,27009.89532
1991,LA/MS,Red_Snapper,28560,70304.49404
1992,LA/MS,Red_Snapper,41340,115067.1647
1993,LA/MS,Red_Snapper,47733,143224.4831
1994,LA/MS,Red_Snapper,47322,186734.8193
1995,LA/MS,Red_Snapper,34908,145514.7967
1996,LA/MS,Red_Snapper,39778,147909.4329
1997,LA/MS,Red_Snapper,34404,148099.4491
1998,LA/MS,Red_Snapper,25094,103445.2899
1999,LA/MS,Red_Snapper,20970,107795.4461
2000,LA/MS,Red_Snapper,14053,52474.54161
2001,LA/MS,Red_Snapper,,
2002,LA/MS,Red_Snapper,13682,51630.32647
2003,LA/MS,Red_Snapper,,
2007,LA/MS,Red_Snapper,4952,15844.35482
2008,LA/MS,Red_Snapper,7007,51655.67299
2009,LA/MS,Red_Snapper,4448,28680.23668
2010,LA/MS,Red_Snapper,839,4063.623927
2011,LA/MS,Red_Snapper,3453,29577.7948
2012,LA/MS,Red_Snapper,3017,27092.80226
2013,LA/MS,Red_Snapper,3300,22617.76317
2014,LA/MS,Red_Snapper,1786,12435.55374
2015,LA/MS,Red_Snapper,2619,18267.15283
2016,LA/MS,Red_Snapper,2631,18630.78947
2017,LA/MS,Red_Snapper,3409,26778.91948
2018,LA/MS,Red_Snapper,3034,18613.33549
1991,NC,Red_Snapper,725,15991.12299
1992,NC,Red_Snapper,2306,12048.97582
1993,NC,Red_Snapper,1639,9043.285101
1994,NC,Red_Snapper,567,3631.670526
1995,NC,Red_Snapper,3791,23727.818
1996,NC,Red_Snapper,335,3130.031291
1997,NC,Red_Snapper,1779,20968.82425
1998,NC,Red_Snapper,445,1082.380235
1999,NC,Red_Snapper,973,6956.810687
2000,NC,Red_Snapper,777,5946.03651
2001,NC,Red_Snapper,1816,9604.515215
2002,NC,Red_Snapper,2637,14193.93881
2003,NC,Red_Snapper,399,3679.091902
2004,NC,Red_Snapper,1274,12299.68521
2005,NC,Red_Snapper,106,1113.50947
2006,NC,Red_Snapper,33,384.3534508
2007,NC,Red_Snapper,52,389.1705455
2008,NC,Red_Snapper,162,888.4728831
2009,NC,Red_Snapper,263,2367.567873
2010,NC,Red_Snapper,,
2011,NC,Red_Snapper,,
2012,NC,Red_Snapper,110,414.6449296
2013,NC,Red_Snapper,53,239.5562138
2014,NC,Red_Snapper,431,1965.090242
2015,NC,Red_Snapper,,
2017,NC,Red_Snapper,170,1172.053154
2018,NC,Red_Snapper,79,601.3431743
1991,SC,Red_Snapper,3290,21780.91808
1992,SC,Red_Snapper,1275,5924.078494
1993,SC,Red_Snapper,3623,19865.47808
1994,SC,Red_Snapper,2454,6349.085138
1995,SC,Red_Snapper,866,6340.420981
1996,SC,Red_Snapper,2374,23837.4317
1997,SC,Red_Snapper,557,6746.181292
1998,SC,Red_Snapper,696,6235.348792
1999,SC,Red_Snapper,1749,11256.94404
2000,SC,Red_Snapper,984,6562.448262
2001,SC,Red_Snapper,3878,20513.26158
2002,SC,Red_Snapper,4345,21726.55215
2003,SC,Red_Snapper,1346,12133.41277
2004,SC,Red_Snapper,1672,16111.38501
2005,SC,Red_Snapper,1004,10399.14845
2006,SC,Red_Snapper,303,3539.870149
2007,SC,Red_Snapper,701,5016.08811
2008,SC,Red_Snapper,1551,8076.369634
2009,SC,Red_Snapper,373,5104.585966
2010,SC,Red_Snapper,180,869.9320289
2011,SC,Red_Snapper,,
2012,SC,Red_Snapper,11,81.95013464
2013,SC,Red_Snapper,,
2014,SC,Red_Snapper,101,969.7131301
2015,SC,Red_Snapper,,
2017,SC,Red_Snapper,73,372.377955
2018,SC,Red_Snapper,223,1771.381305
1991,TX,Red_Snapper,236126,378211.0708
1992,TX,Red_Snapper,371716,757791.6957
1993,TX,Red_Snapper,411039,1156832.656
1994,TX,Red_Snapper,450416,1254909.453
1995,TX,Red_Snapper,319642,1137209.113
1996,TX,Red_Snapper,309488,1176484.131
1997,TX,Red_Snapper,313020,1035685.921
1998,TX,Red_Snapper,219644,837213.528
1999,TX,Red_Snapper,77729,395209.639
2000,TX,Red_Snapper,97357,532978.4593
2001,TX,Red_Snapper,102774,352371.4694
2002,TX,Red_Snapper,124793,555592.5914
2003,TX,Red_Snapper,149426,532488.4163
2004,TX,Red_Snapper,110329,503162.8036
2005,TX,Red_Snapper,99988,379858.0763
2006,TX,Red_Snapper,121177,450708.302
2007,TX,Red_Snapper,105362,297410.2002
2008,TX,Red_Snapper,50562,171055.1518
2009,TX,Red_Snapper,71550,462659.0752
2010,TX,Red_Snapper,51169,282426.8509
2011,TX,Red_Snapper,47972,286928.3234
2012,TX,Red_Snapper,51761,419675.1736
2013,TX,Red_Snapper,41079,221490.6559
2014,TX,Red_Snapper,33990,184695.9846
2015,TX,Red_Snapper,61079,341607.302
2016,TX,Red_Snapper,59261,338507.6019
2017,TX,Red_Snapper,57687,323261.0628
2018,TX,Red_Snapper,60675,358041.8358
1996,NC,Scup,5298,4465.788503
1997,NC,Scup,1762,1248.718814
1998,NC,Scup,295,152.229011
1999,NC,Scup,545,342.597948
2000,NC,Scup,1026,516.0133572
2001,NC,Scup,7188,5322.459743
2002,NC,Scup,4460,2616.310739
2003,NC,Scup,3482,4024.555856
2004,NC,Scup,6566,4770.687449
2005,NC,Scup,10279,7821.176051
2006,NC,Scup,5189,6918.979408
2007,NC,Scup,,
2008,NC,Scup,2959,2616.903782
2009,NC,Scup,,
2010,NC,Scup,8560,7234.524464
2011,NC,Scup,5671,4919.852038
2012,NC,Scup,5405,5441.656932
2013,NC,Scup,5479,5121.349897
2014,NC,Scup,6450,5820.741341
2015,NC,Scup,9805,9252.719592
2016,NC,Scup,5281,5665.41043
2017,NC,Scup,5462,4851.751326
2018,NC,Scup,9917,13097.10729
1991,FLW_Keys/AL,Sheepshead,8,21.4729988
1992,FLW_Keys/AL,Sheepshead,,
1993,FLW_Keys/AL,Sheepshead,,
1994,FLW_Keys/AL,Sheepshead,,
1995,FLW_Keys/AL,Sheepshead,54,102.7132458
1996,FLW_Keys/AL,Sheepshead,4,7.6720776
1997,FLW_Keys/AL,Sheepshead,,
1998,FLW_Keys/AL,Sheepshead,4,9.9428362
1999,FLW_Keys/AL,Sheepshead,,
2000,FLW_Keys/AL,Sheepshead,8,19.1581478
2001,FLW_Keys/AL,Sheepshead,,
2002,FLW_Keys/AL,Sheepshead,,
2004,FLW_Keys/AL,Sheepshead,,
2005,FLW_Keys/AL,Sheepshead,,
2006,FLW_Keys/AL,Sheepshead,28,77.1617
2008,FLW_Keys/AL,Sheepshead,,
2009,FLW_Keys/AL,Sheepshead,5,15.31549514
2010,FLW_Keys/AL,Sheepshead,,
2011,FLW_Keys/AL,Sheepshead,,
2012,FLW_Keys/AL,Sheepshead,16,50.46154718
2013,FLW_Keys/AL,Sheepshead,80,209.7166821
2014,FLW_Keys/AL,Sheepshead,15,39.59277058
2015,FLW_Keys/AL,Sheepshead,36,133.489741
2016,FLW_Keys/AL,Sheepshead,43,147.6610384
2017,FLW_Keys/AL,Sheepshead,41,176.4996726
2018,FLW_Keys/AL,Sheepshead,28,149.3365496
1991,GA/FLE,Sheepshead,10,29.541908
1992,GA/FLE,Sheepshead,20,68.2991276
1993,GA/FLE,Sheepshead,,
1994,GA/FLE,Sheepshead,,
1995,GA/FLE,Sheepshead,,
1996,GA/FLE,Sheepshead,4,7.4736618
1997,GA/FLE,Sheepshead,,
1998,GA/FLE,Sheepshead,,
2000,GA/FLE,Sheepshead,,
2001,GA/FLE,Sheepshead,,
2002,GA/FLE,Sheepshead,,
2003,GA/FLE,Sheepshead,,
2005,GA/FLE,Sheepshead,,
2006,GA/FLE,Sheepshead,,
2007,GA/FLE,Sheepshead,,
2008,GA/FLE,Sheepshead,3,7.56625584
2009,GA/FLE,Sheepshead,,
2011,GA/FLE,Sheepshead,437,889.5553515
2012,GA/FLE,Sheepshead,29,91.50936696
2013,GA/FLE,Sheepshead,155,496.6435659
2014,GA/FLE,Sheepshead,88,283.3355578
2015,GA/FLE,Sheepshead,165,465.8229783
2016,GA/FLE,Sheepshead,138,366.2601345
2017,GA/FLE,Sheepshead,141,585.7609201
2018,GA/FLE,Sheepshead,191,416.3446916
1992,LA/MS,Sheepshead,54,128.198653
1993,LA/MS,Sheepshead,83,157.740561
1994,LA/MS,Sheepshead,546,1401.124195
1995,LA/MS,Sheepshead,,
1996,LA/MS,Sheepshead,,
1997,LA/MS,Sheepshead,,
1998,LA/MS,Sheepshead,,
1999,LA/MS,Sheepshead,276,620.3139294
2000,LA/MS,Sheepshead,,
2008,LA/MS,Sheepshead,,
2009,LA/MS,Sheepshead,,
2011,LA/MS,Sheepshead,,
2013,LA/MS,Sheepshead,,
2014,LA/MS,Sheepshead,,
2015,LA/MS,Sheepshead,,
2016,LA/MS,Sheepshead,,
2017,LA/MS,Sheepshead,,
2018,LA/MS,Sheepshead,,
1995,NC,Sheepshead,,
1999,NC,Sheepshead,,
2003,NC,Sheepshead,,
2004,NC,Sheepshead,,
1991,SC,Sheepshead,,
1992,SC,Sheepshead,,
1993,SC,Sheepshead,,
1994,SC,Sheepshead,,
1995,SC,Sheepshead,,
1996,SC,Sheepshead,,
1998,SC,Sheepshead,,
2000,SC,Sheepshead,,
2001,SC,Sheepshead,,
2003,SC,Sheepshead,,
2004,SC,Sheepshead,,
2005,SC,Sheepshead,,
2007,SC,Sheepshead,,
2008,SC,Sheepshead,,
2009,SC,Sheepshead,,
2010,SC,Sheepshead,,
2011,SC,Sheepshead,7,14.24845906
2012,SC,Sheepshead,,
2013,SC,Sheepshead,,
2014,SC,Sheepshead,,
2015,SC,Sheepshead,5,15.1457394
1992,TX,Sheepshead,121,194.2490682
1993,TX,Sheepshead,28,53.3297578
1994,TX,Sheepshead,,
1995,TX,Sheepshead,28,51.6762928
1996,TX,Sheepshead,,
1998,TX,Sheepshead,7,16.5787424
1999,TX,Sheepshead,,
2000,TX,Sheepshead,29,69.4234838
2001,TX,Sheepshead,,
2002,TX,Sheepshead,,
2003,TX,Sheepshead,,
2005,TX,Sheepshead,,
2006,TX,Sheepshead,,
2007,TX,Sheepshead,,
2009,TX,Sheepshead,,
2011,TX,Sheepshead,,
2012,TX,Sheepshead,,
2013,TX,Sheepshead,,
2014,TX,Sheepshead,,
2015,TX,Sheepshead,38,141.9995742
2016,TX,Sheepshead,,
2017,TX,Sheepshead,155,652.062662
2018,TX,Sheepshead,7,33.82548466
1997,FLW_Keys/AL,Southern_Flounder,,
1999,FLW_Keys/AL,Southern_Flounder,,
2004,FLW_Keys/AL,Southern_Flounder,33,80.248168
2005,FLW_Keys/AL,Southern_Flounder,47,111.7962802
2006,FLW_Keys/AL,Southern_Flounder,12,28.3073208
2007,FLW_Keys/AL,Southern_Flounder,17,71.35914016
2008,FLW_Keys/AL,Southern_Flounder,31,139.5480368
2009,FLW_Keys/AL,Southern_Flounder,26,88.61690552
2010,FLW_Keys/AL,Southern_Flounder,23,64.76732636
2011,FLW_Keys/AL,Southern_Flounder,41,151.4992818
2012,FLW_Keys/AL,Southern_Flounder,33,139.9691192
2013,FLW_Keys/AL,Southern_Flounder,8,23.98406098
2014,FLW_Keys/AL,Southern_Flounder,2,5.66146416
2015,FLW_Keys/AL,Southern_Flounder,,
2016,FLW_Keys/AL,Southern_Flounder,3,8.72368134
2017,FLW_Keys/AL,Southern_Flounder,3,7.20249354
1997,GA/FLE,Southern_Flounder,,
1999,GA/FLE,Southern_Flounder,,
2004,GA/FLE,Southern_Flounder,,
2005,GA/FLE,Southern_Flounder,,
2006,GA/FLE,Southern_Flounder,,
2009,GA/FLE,Southern_Flounder,,
2010,GA/FLE,Southern_Flounder,4,11.56102728
2013,GA/FLE,Southern_Flounder,26,81.31520408
2014,GA/FLE,Southern_Flounder,10,30.23415868
2015,GA/FLE,Southern_Flounder,7,23.0713483
2016,GA/FLE,Southern_Flounder,3,7.49791262
2017,GA/FLE,Southern_Flounder,,
2018,GA/FLE,Southern_Flounder,12,30.70815198
1992,LA/MS,Southern_Flounder,,
1993,LA/MS,Southern_Flounder,,
1994,LA/MS,Southern_Flounder,9,32.6724684
1995,LA/MS,Southern_Flounder,15,45.084479
1996,LA/MS,Southern_Flounder,,
1997,LA/MS,Southern_Flounder,28,69.9525926
1998,LA/MS,Southern_Flounder,18,67.8582036
1999,LA/MS,Southern_Flounder,21,103.176216
2000,LA/MS,Southern_Flounder,,
2001,LA/MS,Southern_Flounder,,
2002,LA/MS,Southern_Flounder,1,2.0062042
2008,LA/MS,Southern_Flounder,,
2012,LA/MS,Southern_Flounder,,
2013,LA/MS,Southern_Flounder,,
2014,LA/MS,Southern_Flounder,,
2017,LA/MS,Southern_Flounder,,
2012,NC,Southern_Flounder,,
2013,NC,Southern_Flounder,,
2014,NC,Southern_Flounder,,
2015,NC,Southern_Flounder,,
2016,NC,Southern_Flounder,,
2017,NC,Southern_Flounder,,
2018,NC,Southern_Flounder,,
2003,SC,Southern_Flounder,,
2004,SC,Southern_Flounder,,
2011,SC,Southern_Flounder,,
2013,SC,Southern_Flounder,,
2015,SC,Southern_Flounder,,
2016,SC,Southern_Flounder,,
2017,SC,Southern_Flounder,,
2018,SC,Southern_Flounder,25,52.52286688
1992,TX,Southern_Flounder,33,80.0497522
1993,TX,Southern_Flounder,8,25.0444832
1994,TX,Southern_Flounder,6,21.825738
1995,TX,Southern_Flounder,10,25.0665294
1996,TX,Southern_Flounder,,
1997,TX,Southern_Flounder,,
1998,TX,Southern_Flounder,16,60.3184032
2000,TX,Southern_Flounder,,
2001,TX,Southern_Flounder,,
2002,TX,Southern_Flounder,,
2003,TX,Southern_Flounder,9,23.3469258
2004,TX,Southern_Flounder,,
2005,TX,Southern_Flounder,5,12.345872
2006,TX,Southern_Flounder,,
2007,TX,Southern_Flounder,,
2009,TX,Southern_Flounder,,
2010,TX,Southern_Flounder,,
2011,TX,Southern_Flounder,,
2012,TX,Southern_Flounder,,
2013,TX,Southern_Flounder,,
2016,TX,Southern_Flounder,,
1991,FLW_Keys/AL,Spanish_Mackerel,500,736.5194496
1992,FLW_Keys/AL,Spanish_Mackerel,730,1855.893208
1993,FLW_Keys/AL,Spanish_Mackerel,532,1178.501667
1994,FLW_Keys/AL,Spanish_Mackerel,953,2584.476026
1995,FLW_Keys/AL,Spanish_Mackerel,235,763.9228762
1996,FLW_Keys/AL,Spanish_Mackerel,377,769.0155484
1997,FLW_Keys/AL,Spanish_Mackerel,495,1401.146241
1998,FLW_Keys/AL,Spanish_Mackerel,398,772.6752176
1999,FLW_Keys/AL,Spanish_Mackerel,1562,5512.145247
2000,FLW_Keys/AL,Spanish_Mackerel,596,1584.239932
2001,FLW_Keys/AL,Spanish_Mackerel,459,1456.834942
2002,FLW_Keys/AL,Spanish_Mackerel,259,844.5237834
2003,FLW_Keys/AL,Spanish_Mackerel,266,482.1063016
2004,FLW_Keys/AL,Spanish_Mackerel,460,841.6798236
2005,FLW_Keys/AL,Spanish_Mackerel,395,1308.640386
2006,FLW_Keys/AL,Spanish_Mackerel,615,1209.388393
2007,FLW_Keys/AL,Spanish_Mackerel,711,2089.902598
2008,FLW_Keys/AL,Spanish_Mackerel,752,1888.739842
2009,FLW_Keys/AL,Spanish_Mackerel,586,1163.856377
2010,FLW_Keys/AL,Spanish_Mackerel,477,1074.798547
2011,FLW_Keys/AL,Spanish_Mackerel,675,1734.71627
2012,FLW_Keys/AL,Spanish_Mackerel,896,4023.537322
2013,FLW_Keys/AL,Spanish_Mackerel,869,1064.181097
2014,FLW_Keys/AL,Spanish_Mackerel,781,989.2063801
2015,FLW_Keys/AL,Spanish_Mackerel,1570,2652.850111
2016,FLW_Keys/AL,Spanish_Mackerel,1019,2493.709616
2017,FLW_Keys/AL,Spanish_Mackerel,725,1144.352103
2018,FLW_Keys/AL,Spanish_Mackerel,965,2552.297392
1991,GA/FLE,Spanish_Mackerel,741,2007.593111
1992,GA/FLE,Spanish_Mackerel,806,2001.662683
1993,GA/FLE,Spanish_Mackerel,433,932.6203986
1994,GA/FLE,Spanish_Mackerel,1671,4097.661055
1995,GA/FLE,Spanish_Mackerel,643,1922.362501
1996,GA/FLE,Spanish_Mackerel,413,833.015667
1997,GA/FLE,Spanish_Mackerel,495,1662.040972
1998,GA/FLE,Spanish_Mackerel,284,969.6139222
1999,GA/FLE,Spanish_Mackerel,681,3155.318283
2000,GA/FLE,Spanish_Mackerel,418,1092.21284
2001,GA/FLE,Spanish_Mackerel,397,1616.537615
2002,GA/FLE,Spanish_Mackerel,477,1748.373891
2003,GA/FLE,Spanish_Mackerel,411,1357.384534
2004,GA/FLE,Spanish_Mackerel,1576,4501.304931
2005,GA/FLE,Spanish_Mackerel,925,2904.608896
2006,GA/FLE,Spanish_Mackerel,638,1459.039562
2007,GA/FLE,Spanish_Mackerel,1083,2491.458699
2008,GA/FLE,Spanish_Mackerel,344,577.4384796
2009,GA/FLE,Spanish_Mackerel,259,580.6770664
2010,GA/FLE,Spanish_Mackerel,511,867.0395675
2011,GA/FLE,Spanish_Mackerel,382,882.1368052
2012,GA/FLE,Spanish_Mackerel,149,801.8048617
2013,GA/FLE,Spanish_Mackerel,631,1021.845779
2014,GA/FLE,Spanish_Mackerel,706,1103.912759
2015,GA/FLE,Spanish_Mackerel,632,1826.81868
2016,GA/FLE,Spanish_Mackerel,667,1099.93342
2017,GA/FLE,Spanish_Mackerel,272,721.5522844
2018,GA/FLE,Spanish_Mackerel,258,507.3822699
1991,LA/MS,Spanish_Mackerel,845,1600.135242
1992,LA/MS,Spanish_Mackerel,558,1525.729317
1993,LA/MS,Spanish_Mackerel,80,190.8539534
1994,LA/MS,Spanish_Mackerel,382,977.7048776
1995,LA/MS,Spanish_Mackerel,550,1859.288323
1996,LA/MS,Spanish_Mackerel,231,387.7706118
1997,LA/MS,Spanish_Mackerel,303,1071.290997
1998,LA/MS,Spanish_Mackerel,41,142.8152836
1999,LA/MS,Spanish_Mackerel,,
2000,LA/MS,Spanish_Mackerel,46,167.4849814
2001,LA/MS,Spanish_Mackerel,,
2002,LA/MS,Spanish_Mackerel,14,26.896364
2007,LA/MS,Spanish_Mackerel,,
2008,LA/MS,Spanish_Mackerel,,
2009,LA/MS,Spanish_Mackerel,29,20.16345452
2010,LA/MS,Spanish_Mackerel,1288,1317.767513
2011,LA/MS,Spanish_Mackerel,4513,8200.379509
2012,LA/MS,Spanish_Mackerel,2375,17425.8037
2013,LA/MS,Spanish_Mackerel,1706,2503.564267
2014,LA/MS,Spanish_Mackerel,1309,1885.836357
2015,LA/MS,Spanish_Mackerel,1615,2419.153777
2016,LA/MS,Spanish_Mackerel,1616,1973.966042
2017,LA/MS,Spanish_Mackerel,971,1265.015365
2018,LA/MS,Spanish_Mackerel,710,1020.974954
1991,NC,Spanish_Mackerel,14,29.5639542
1992,NC,Spanish_Mackerel,38,52.9329262
1993,NC,Spanish_Mackerel,,
1994,NC,Spanish_Mackerel,,
1995,NC,Spanish_Mackerel,5,11.904948
1996,NC,Spanish_Mackerel,,
1997,NC,Spanish_Mackerel,106,104.6974038
1998,NC,Spanish_Mackerel,30,75.1334496
1999,NC,Spanish_Mackerel,197,202.384116
2000,NC,Spanish_Mackerel,816,817.8919738
2001,NC,Spanish_Mackerel,30,81.4827552
2002,NC,Spanish_Mackerel,,
2003,NC,Spanish_Mackerel,,
2004,NC,Spanish_Mackerel,,
2005,NC,Spanish_Mackerel,28,65.256752
2006,NC,Spanish_Mackerel,11,11.0671924
2007,NC,Spanish_Mackerel,,
2008,NC,Spanish_Mackerel,138,134.4068629
2009,NC,Spanish_Mackerel,167,197.31349
2010,NC,Spanish_Mackerel,470,322.1082097
2011,NC,Spanish_Mackerel,616,587.3548604
2012,NC,Spanish_Mackerel,379,392.9294226
2013,NC,Spanish_Mackerel,247,253.7429435
2014,NC,Spanish_Mackerel,172,198.7244468
2015,NC,Spanish_Mackerel,,
2016,NC,Spanish_Mackerel,384,308.1022589
2017,NC,Spanish_Mackerel,311,315.4392342
2018,NC,Spanish_Mackerel,,
1991,SC,Spanish_Mackerel,1099,1823.066417
1992,SC,Spanish_Mackerel,303,422.18473
1993,SC,Spanish_Mackerel,271,576.728592
1994,SC,Spanish_Mackerel,716,1755.252305
1995,SC,Spanish_Mackerel,63,150.134622
1996,SC,Spanish_Mackerel,466,1025.434901
1997,SC,Spanish_Mackerel,1910,2416.991045
1998,SC,Spanish_Mackerel,2073,5180.041291
1999,SC,Spanish_Mackerel,5828,5987.395181
2000,SC,Spanish_Mackerel,2529,1985.657142
2001,SC,Spanish_Mackerel,3265,9025.471772
2002,SC,Spanish_Mackerel,4072,3678.2321
2003,SC,Spanish_Mackerel,1304,1419.620957
2004,SC,Spanish_Mackerel,3445,10920.18834
2005,SC,Spanish_Mackerel,4707,8530.027519
2006,SC,Spanish_Mackerel,2562,2622.263213
2007,SC,Spanish_Mackerel,4114,3585.355869
2008,SC,Spanish_Mackerel,8171,7354.504294
2009,SC,Spanish_Mackerel,9386,9819.864701
2010,SC,Spanish_Mackerel,5108,4783.088437
2011,SC,Spanish_Mackerel,12074,17357.1342
2012,SC,Spanish_Mackerel,9554,9888.190284
2013,SC,Spanish_Mackerel,3812,4312.688667
2014,SC,Spanish_Mackerel,6625,7493.911235
2015,SC,Spanish_Mackerel,3995,3795.80228
2016,SC,Spanish_Mackerel,7482,6859.201137
2017,SC,Spanish_Mackerel,7367,7724.298434
2018,SC,Spanish_Mackerel,3973,4653.280411
1991,TX,Spanish_Mackerel,385,3238.366318
1992,TX,Spanish_Mackerel,304,822.6759992
1993,TX,Spanish_Mackerel,212,486.4053106
1994,TX,Spanish_Mackerel,406,993.4238182
1995,TX,Spanish_Mackerel,183,585.3707024
1996,TX,Spanish_Mackerel,212,598.4220528
1997,TX,Spanish_Mackerel,50,138.9792448
1998,TX,Spanish_Mackerel,18,72.5981366
1999,TX,Spanish_Mackerel,71,202.2959312
2000,TX,Spanish_Mackerel,60,178.3758042
2001,TX,Spanish_Mackerel,28,86.3770116
2002,TX,Spanish_Mackerel,82,164.0898666
2003,TX,Spanish_Mackerel,77,144.5789796
2004,TX,Spanish_Mackerel,20,31.6583432
2005,TX,Spanish_Mackerel,52,171.1005582
2006,TX,Spanish_Mackerel,128,314.378812
2007,TX,Spanish_Mackerel,106,361.1189606
2008,TX,Spanish_Mackerel,70,179.3083585
2009,TX,Spanish_Mackerel,104,181.1668531
2010,TX,Spanish_Mackerel,30,30.8095645
2011,TX,Spanish_Mackerel,220,543.218368
2012,TX,Spanish_Mackerel,238,506.1829566
2013,TX,Spanish_Mackerel,223,660.2329837
2014,TX,Spanish_Mackerel,324,966.1548734
2015,TX,Spanish_Mackerel,113,217.3975782
2016,TX,Spanish_Mackerel,264,486.2002809
2017,TX,Spanish_Mackerel,396,867.7759105
2018,TX,Spanish_Mackerel,121,232.5962285
2003,NC,Summer_Flounder,,
2005,NC,Summer_Flounder,,
2010,NC,Summer_Flounder,,
2011,NC,Summer_Flounder,,
2013,NC,Summer_Flounder,,
2014,NC,Summer_Flounder,,
2015,NC,Summer_Flounder,,
2016,NC,Summer_Flounder,,
2017,NC,Summer_Flounder,,
2018,NC,Summer_Flounder,,
1996,SC,Summer_Flounder,,
2003,SC,Summer_Flounder,113,227.4285992
2009,SC,Summer_Flounder,,
2010,SC,Summer_Flounder,6,11.42654546
2012,SC,Summer_Flounder,,
2013,SC,Summer_Flounder,22,44.65237348
2014,SC,Summer_Flounder,,
2015,SC,Summer_Flounder,,
2016,SC,Summer_Flounder,30,67.98827618
2017,SC,Summer_Flounder,39,90.58342656
2018,SC,Summer_Flounder,,
